2008,2,27,12,43,OFF,ON,ON,ON,ON,ON,OFF,OFF,OFF,OFF,OFF,PRESENT,PRESENT,PRESENT,PRESENT,PRESENT,PRESENT,PRESENT,ABSENT,ABSENT,0.0,0.0,0.0,Phone_Call,PRESENT
2008,2,27,12,44,OFF,OFF,OFF,OFF,ON,OFF,OFF,OFF,OFF,OFF,OFF,PRESENT,PRESENT,PRESENT,PRESENT,PRESENT,PRESENT,PRESENT,PRESENT,ABSENT,0.0,0.0,0.0,Phone_Call,PRESENT
2008,2,27,12,45,OFF,OFF,OFF,OFF,ON,OFF,OFF,OFF,OFF,OFF,OFF,PRESENT,PRESENT,PRESENT,PRESENT,PRESENT,PRESENT,PRESENT,PRESENT,ABSENT,0.0,0.0,0.0,Phone_Call,PRESENT
2008,2,27,12,46,OFF,OFF,OFF,OFF,ON,OFF,OFF,OFF,OFF,OFF,OFF,PRESENT,PRESENT,PRESENT,PRESENT,PRESENT,PRESENT,PRESENT,PRESENT,ABSENT,0.0,0.0,0.0,Phone_Call,PRESENT
2008,2,27,12,47,OFF,OFF,OFF,OFF,ON,OFF,OFF,OFF,OFF,OFF,OFF,PRESENT,PRESENT,PRESENT,PRESENT,PRESENT,PRESENT,PRESENT,PRESENT,PRESENT,0.0,0.0,0.0,Phone_Call,PRESENT
2008,2,27,12,48,OFF,OFF,OFF,OFF,ON,OFF,OFF,OFF,OFF,OFF,OFF,PRESENT,PRESENT,PRESENT,PRESENT,PRESENT,PRESENT,PRESENT,PRESENT,ABSENT,0.0,0.0,0.0,Phone_Call,PRESENT
2008,2,27,12,49,OFF,OFF,OFF,OFF,ON,OFF,OFF,OFF,OFF,OFF,OFF,PRESENT,PRESENT,PRESENT,PRESENT,PRESENT,PRESENT,PRESENT,PRESENT,PRESENT,0.0,0.0,0.0,Phone_Call,ABSENT
2008,2,27,12,49,OFF,OFF,OFF,OFF,OFF,ON,ON,ON,ON,OFF,OFF,PRESENT,PRESENT,PRESENT,PRESENT,PRESENT,PRESENT,PRESENT,PRESENT,ABSENT,0.0,0.0332818,0.0,Wash_hands,PRESENT
2008,2,27,12,50,OFF,OFF,OFF,OFF,OFF,OFF,OFF,OFF,ON,OFF,OFF,PRESENT,PRESENT,PRESENT,PRESENT,PRESENT,PRESENT,PRESENT,PRESENT,ABSENT,0.0,0.467429,0.0,Wash_hands,ABSENT
2008,2,27,12,50,OFF,OFF,OFF,OFF,OFF,OFF,OFF,OFF,ON,OFF,OFF,PRESENT,PRESENT,PRESENT,PRESENT,PRESENT,PRESENT,ABSENT,PRESENT,ABSENT,0.0,0.0,0.0,Cook,PRESENT
2008,2,27,12,51,OFF,OFF,OFF,OFF,OFF,OFF,OFF,OFF,ON,OFF,OFF,ABSENT,ABSENT,ABSENT,ABSENT,ABSENT,PRESENT,PRESENT,PRESENT,ABSENT,3.07684,0.0,0.129533,Cook,PRESENT
2008,2,27,12,52,OFF,OFF,OFF,OFF,OFF,OFF,OFF,OFF,ON,OFF,OFF,PRESENT,PRESENT,PRESENT,PRESENT,PRESENT,PRESENT,PRESENT,PRESENT,ABSENT,3.22653,0.0,0.0,Cook,PRESENT
2008,2,27,12,53,OFF,OFF,OFF,OFF,OFF,OFF,OFF,ON,ON,OFF,OFF,PRESENT,PRESENT,PRESENT,PRESENT,PRESENT,PRESENT,PRESENT,PRESENT,ABSENT,3.28802,0.0,0.0,Cook,PRESENT
2008,2,27,12,54,OFF,OFF,OFF,OFF,OFF,OFF,OFF,ON,ON,OFF,OFF,PRESENT,PRESENT,PRESENT,PRESENT,PRESENT,PRESENT,PRESENT,PRESENT,ABSENT,3.01809,0.0,0.0,Cook,PRESENT
2008,2,27,12,55,OFF,OFF,OFF,OFF,OFF,OFF,OFF,ON,OFF,OFF,OFF,PRESENT,PRESENT,PRESENT,PRESENT,PRESENT,PRESENT,PRESENT,PRESENT,ABSENT,2.99966,0.0,0.0,Cook,PRESENT
2008,2,27,12,56,OFF,OFF,OFF,OFF,OFF,OFF,OFF,ON,ON,OFF,OFF,PRESENT,PRESENT,PRESENT,PRESENT,PRESENT,PRESENT,PRESENT,PRESENT,ABSENT,3.00122,0.0,0.0,Cook,PRESENT
2008,2,27,12,57,OFF,OFF,OFF,OFF,OFF,OFF,OFF,OFF,ON,OFF,OFF,PRESENT,PRESENT,PRESENT,PRESENT,PRESENT,PRESENT,PRESENT,PRESENT,ABSENT,2.92129,0.0,0.0,Cook,PRESENT
2008,2,27,12,58,OFF,OFF,OFF,OFF,OFF,OFF,OFF,OFF,ON,OFF,OFF,PRESENT,PRESENT,PRESENT,PRESENT,PRESENT,PRESENT,PRESENT,PRESENT,ABSENT,2.85301,0.0,0.0,Cook,ABSENT
2008,2,27,12,59,OFF,OFF,OFF,OFF,ON,ON,ON,ON,ON,OFF,OFF,PRESENT,PRESENT,PRESENT,PRESENT,PRESENT,ABSENT,PRESENT,PRESENT,ABSENT,0.0,0.0,0.0,Eat,PRESENT
2008,2,27,13,0,OFF,OFF,OFF,OFF,ON,ON,OFF,OFF,OFF,OFF,OFF,PRESENT,PRESENT,PRESENT,PRESENT,PRESENT,PRESENT,PRESENT,PRESENT,ABSENT,0.0,0.0,0.0,Eat,PRESENT
2008,2,27,13,1,OFF,OFF,OFF,OFF,ON,ON,OFF,OFF,OFF,OFF,OFF,PRESENT,PRESENT,PRESENT,PRESENT,PRESENT,PRESENT,PRESENT,PRESENT,ABSENT,0.0,0.0,0.0,Eat,ABSENT
2008,2,27,13,1,OFF,OFF,OFF,OFF,OFF,ON,OFF,OFF,OFF,OFF,OFF,PRESENT,PRESENT,PRESENT,PRESENT,PRESENT,PRESENT,PRESENT,PRESENT,ABSENT,0.0,0.0,0.0,Clean,PRESENT
2008,2,27,13,2,OFF,OFF,OFF,OFF,ON,ON,ON,ON,ON,OFF,OFF,PRESENT,PRESENT,PRESENT,PRESENT,PRESENT,PRESENT,PRESENT,PRESENT,ABSENT,0.0,0.0,0.0,Clean,PRESENT
2008,2,27,13,3,OFF,OFF,OFF,OFF,OFF,OFF,OFF,OFF,ON,ON,OFF,PRESENT,PRESENT,PRESENT,PRESENT,PRESENT,PRESENT,PRESENT,PRESENT,ABSENT,0.0,0.277075,0.0,Clean,PRESENT
2008,2,27,13,4,OFF,OFF,OFF,OFF,OFF,OFF,OFF,OFF,OFF,OFF,OFF,PRESENT,PRESENT,PRESENT,PRESENT,PRESENT,PRESENT,PRESENT,PRESENT,ABSENT,0.0,0.344849,0.0,Clean,PRESENT
2008,2,27,13,5,OFF,OFF,OFF,OFF,OFF,OFF,OFF,OFF,OFF,OFF,OFF,PRESENT,PRESENT,PRESENT,PRESENT,PRESENT,PRESENT,PRESENT,PRESENT,ABSENT,0.0,0.419811,0.0,Clean,PRESENT
2008,2,27,13,6,OFF,OFF,OFF,OFF,OFF,OFF,OFF,OFF,ON,ON,OFF,PRESENT,PRESENT,PRESENT,PRESENT,PRESENT,PRESENT,PRESENT,PRESENT,ABSENT,0.0,0.364185,0.0,Clean,PRESENT
2008,2,27,13,7,OFF,OFF,OFF,OFF,OFF,OFF,OFF,OFF,ON,ON,OFF,PRESENT,PRESENT,PRESENT,PRESENT,PRESENT,PRESENT,PRESENT,PRESENT,ABSENT,0.0,0.103908,0.0,Clean,ABSENT
2008,2,29,12,50,OFF,ON,ON,OFF,ON,ON,OFF,OFF,OFF,OFF,ON,PRESENT,PRESENT,PRESENT,PRESENT,PRESENT,PRESENT,PRESENT,ABSENT,ABSENT,0.0,0.0,0.0,Phone_Call,PRESENT
2008,2,29,12,51,OFF,OFF,OFF,OFF,OFF,ON,OFF,OFF,OFF,OFF,OFF,PRESENT,PRESENT,PRESENT,PRESENT,PRESENT,PRESENT,PRESENT,PRESENT,PRESENT,0.0,0.0,0.0,Phone_Call,ABSENT
2008,2,29,12,51,OFF,OFF,OFF,OFF,ON,OFF,OFF,OFF,OFF,OFF,OFF,PRESENT,PRESENT,PRESENT,PRESENT,PRESENT,PRESENT,PRESENT,PRESENT,ABSENT,0.0,0.0,0.0,Wash_hands,PRESENT
2008,2,29,12,52,OFF,OFF,OFF,OFF,ON,ON,ON,ON,ON,ON,OFF,PRESENT,PRESENT,PRESENT,PRESENT,PRESENT,PRESENT,PRESENT,PRESENT,ABSENT,0.0,0.0,0.394342,Wash_hands,ABSENT
2008,2,29,12,53,OFF,OFF,OFF,OFF,OFF,OFF,OFF,OFF,ON,OFF,OFF,PRESENT,PRESENT,PRESENT,PRESENT,ABSENT,PRESENT,ABSENT,PRESENT,ABSENT,3.23599,0.0,0.180745,Cook,PRESENT
2008,2,29,12,54,OFF,OFF,OFF,OFF,OFF,OFF,OFF,OFF,ON,OFF,OFF,PRESENT,ABSENT,PRESENT,PRESENT,ABSENT,PRESENT,PRESENT,PRESENT,ABSENT,3.07833,0.0,0.0,Cook,PRESENT
2008,2,29,12,55,OFF,OFF,OFF,OFF,OFF,OFF,OFF,OFF,ON,OFF,OFF,ABSENT,PRESENT,ABSENT,ABSENT,PRESENT,PRESENT,PRESENT,PRESENT,ABSENT,2.96005,0.0,0.0,Cook,PRESENT
2008,2,29,12,56,OFF,OFF,OFF,OFF,OFF,OFF,OFF,OFF,ON,OFF,OFF,PRESENT,PRESENT,PRESENT,PRESENT,PRESENT,PRESENT,PRESENT,PRESENT,ABSENT,0.0,0.0,0.0,Cook,PRESENT
2008,2,29,12,57,OFF,OFF,OFF,OFF,OFF,OFF,OFF,OFF,ON,OFF,OFF,PRESENT,PRESENT,PRESENT,PRESENT,PRESENT,PRESENT,PRESENT,PRESENT,ABSENT,3.0288,0.0,0.0,Cook,PRESENT
2008,2,29,12,58,OFF,OFF,OFF,OFF,OFF,OFF,OFF,OFF,ON,ON,OFF,PRESENT,PRESENT,PRESENT,PRESENT,PRESENT,PRESENT,PRESENT,PRESENT,ABSENT,2.87879,0.0,0.0,Cook,PRESENT
2008,2,29,12,59,OFF,OFF,OFF,OFF,OFF,OFF,OFF,OFF,ON,OFF,OFF,PRESENT,PRESENT,PRESENT,PRESENT,PRESENT,PRESENT,PRESENT,PRESENT,ABSENT,0.0,0.0,0.101486,Cook,ABSENT
2008,2,29,13,0,OFF,OFF,OFF,OFF,ON,ON,ON,ON,ON,OFF,OFF,PRESENT,PRESENT,ABSENT,PRESENT,PRESENT,ABSENT,PRESENT,PRESENT,ABSENT,0.0,0.0,0.338638,Eat,PRESENT
2008,2,29,13,1,OFF,OFF,OFF,OFF,OFF,ON,OFF,OFF,OFF,OFF,OFF,PRESENT,PRESENT,PRESENT,PRESENT,PRESENT,PRESENT,PRESENT,PRESENT,ABSENT,0.0,0.0,0.0,Eat,ABSENT
2008,2,29,13,1,OFF,OFF,OFF,OFF,OFF,ON,ON,ON,ON,OFF,OFF,PRESENT,PRESENT,PRESENT,PRESENT,PRESENT,PRESENT,PRESENT,PRESENT,ABSENT,0.0,0.0,0.0,Clean,PRESENT
2008,2,29,13,2,OFF,OFF,OFF,OFF,OFF,OFF,OFF,OFF,ON,OFF,OFF,PRESENT,PRESENT,PRESENT,PRESENT,PRESENT,ABSENT,PRESENT,PRESENT,ABSENT,0.0,0.405436,0.0,Clean,PRESENT
2008,2,29,13,3,OFF,OFF,OFF,OFF,OFF,OFF,OFF,OFF,OFF,OFF,OFF,PRESENT,PRESENT,PRESENT,PRESENT,PRESENT,PRESENT,PRESENT,PRESENT,ABSENT,0.0,0.344693,0.156135,Clean,PRESENT
2008,2,29,13,5,OFF,OFF,OFF,OFF,OFF,OFF,OFF,OFF,ON,ON,OFF,PRESENT,PRESENT,PRESENT,PRESENT,PRESENT,PRESENT,PRESENT,PRESENT,ABSENT,0.0,0.107502,0.0,Clean,PRESENT
2008,2,29,13,6,OFF,OFF,OFF,OFF,OFF,OFF,OFF,OFF,ON,OFF,OFF,PRESENT,PRESENT,PRESENT,PRESENT,PRESENT,PRESENT,PRESENT,PRESENT,ABSENT,0.0,0.0,0.0,Clean,ABSENT
2008,2,29,13,21,ON,ON,ON,OFF,ON,ON,OFF,OFF,OFF,OFF,ON,PRESENT,PRESENT,PRESENT,PRESENT,PRESENT,PRESENT,PRESENT,ABSENT,PRESENT,0.0,0.0,0.0,Phone_Call,PRESENT
2008,2,29,13,22,OFF,OFF,OFF,OFF,ON,OFF,OFF,OFF,OFF,OFF,OFF,PRESENT,PRESENT,PRESENT,PRESENT,PRESENT,PRESENT,PRESENT,PRESENT,ABSENT,0.0,0.0,0.0,Phone_Call,PRESENT
2008,2,29,13,23,OFF,OFF,OFF,OFF,ON,OFF,OFF,OFF,OFF,OFF,OFF,PRESENT,PRESENT,PRESENT,PRESENT,PRESENT,PRESENT,PRESENT,PRESENT,PRESENT,0.0,0.0,0.0,Phone_Call,ABSENT
2008,2,29,13,23,OFF,OFF,OFF,OFF,OFF,ON,ON,ON,ON,OFF,OFF,PRESENT,PRESENT,PRESENT,PRESENT,PRESENT,PRESENT,PRESENT,PRESENT,ABSENT,0.0,0.0369928,0.0,Wash_hands,PRESENT
2008,2,29,13,24,OFF,OFF,OFF,OFF,OFF,OFF,OFF,OFF,ON,ON,OFF,PRESENT,PRESENT,PRESENT,PRESENT,PRESENT,PRESENT,PRESENT,PRESENT,ABSENT,0.0,0.0929702,0.0,Wash_hands,ABSENT
2008,2,29,13,24,OFF,OFF,OFF,OFF,OFF,OFF,OFF,OFF,OFF,OFF,OFF,PRESENT,ABSENT,PRESENT,PRESENT,ABSENT,PRESENT,PRESENT,PRESENT,ABSENT,0.0,0.0,0.0,Cook,PRESENT
2008,2,29,13,25,OFF,OFF,OFF,OFF,OFF,OFF,OFF,OFF,ON,OFF,OFF,ABSENT,PRESENT,ABSENT,PRESENT,PRESENT,PRESENT,ABSENT,PRESENT,ABSENT,3.24724,0.0847279,0.0,Cook,PRESENT
2008,2,29,13,26,OFF,OFF,OFF,OFF,OFF,OFF,OFF,OFF,ON,OFF,OFF,PRESENT,PRESENT,PRESENT,PRESENT,PRESENT,PRESENT,PRESENT,PRESENT,ABSENT,0.0,0.0,0.0,Cook,PRESENT
2008,2,29,13,27,OFF,OFF,OFF,OFF,OFF,OFF,OFF,OFF,ON,OFF,OFF,PRESENT,PRESENT,PRESENT,PRESENT,PRESENT,PRESENT,PRESENT,PRESENT,ABSENT,0.0,0.0,0.0,Cook,PRESENT
2008,2,29,13,28,OFF,OFF,OFF,OFF,OFF,OFF,OFF,OFF,OFF,OFF,OFF,PRESENT,PRESENT,PRESENT,PRESENT,PRESENT,PRESENT,PRESENT,PRESENT,ABSENT,2.89801,0.0,0.0,Cook,PRESENT
2008,2,29,13,29,OFF,OFF,OFF,OFF,OFF,OFF,OFF,OFF,ON,OFF,OFF,PRESENT,PRESENT,PRESENT,PRESENT,PRESENT,PRESENT,PRESENT,PRESENT,ABSENT,2.98801,0.0,0.0,Cook,PRESENT
2008,2,29,13,30,OFF,OFF,OFF,OFF,OFF,OFF,OFF,OFF,ON,ON,OFF,PRESENT,PRESENT,PRESENT,ABSENT,PRESENT,PRESENT,PRESENT,PRESENT,ABSENT,2.91864,0.0,0.0,Cook,ABSENT
2008,2,29,13,31,OFF,OFF,OFF,OFF,ON,ON,ON,ON,ON,OFF,OFF,PRESENT,PRESENT,ABSENT,PRESENT,PRESENT,ABSENT,PRESENT,PRESENT,ABSENT,2.86575,0.209652,0.149534,Eat,PRESENT
2008,2,29,13,32,OFF,OFF,OFF,OFF,OFF,ON,OFF,OFF,OFF,OFF,OFF,PRESENT,PRESENT,PRESENT,PRESENT,PRESENT,PRESENT,PRESENT,PRESENT,ABSENT,0.0,0.0,0.0,Eat,ABSENT
2008,2,29,13,33,OFF,OFF,OFF,OFF,OFF,ON,ON,ON,ON,OFF,OFF,PRESENT,PRESENT,PRESENT,PRESENT,PRESENT,PRESENT,PRESENT,PRESENT,ABSENT,0.0,0.422897,0.0,Clean,PRESENT
2008,2,29,13,34,OFF,OFF,OFF,OFF,OFF,OFF,OFF,OFF,ON,OFF,OFF,PRESENT,PRESENT,PRESENT,PRESENT,PRESENT,PRESENT,PRESENT,PRESENT,ABSENT,0.0,0.452585,0.0,Clean,PRESENT
2008,2,29,13,35,OFF,OFF,OFF,OFF,OFF,OFF,OFF,OFF,ON,ON,OFF,PRESENT,PRESENT,PRESENT,PRESENT,PRESENT,PRESENT,PRESENT,PRESENT,ABSENT,0.0,0.0971499,0.0,Clean,ABSENT
2008,3,3,14,13,ON,ON,ON,ON,ON,ON,OFF,OFF,OFF,OFF,ON,PRESENT,PRESENT,PRESENT,PRESENT,PRESENT,PRESENT,PRESENT,PRESENT,ABSENT,0.0,0.0,0.0,Phone_Call,PRESENT
2008,3,3,14,14,OFF,OFF,OFF,OFF,ON,OFF,OFF,OFF,OFF,OFF,OFF,PRESENT,PRESENT,PRESENT,PRESENT,PRESENT,PRESENT,PRESENT,ABSENT,ABSENT,0.0,0.0,0.0,Phone_Call,PRESENT
2008,3,3,14,15,OFF,OFF,OFF,OFF,ON,OFF,OFF,OFF,OFF,OFF,OFF,PRESENT,PRESENT,PRESENT,PRESENT,PRESENT,PRESENT,PRESENT,PRESENT,PRESENT,0.0,0.0,0.0,Phone_Call,ABSENT
2008,3,3,14,16,OFF,OFF,OFF,OFF,ON,OFF,ON,ON,ON,ON,OFF,PRESENT,PRESENT,PRESENT,PRESENT,PRESENT,PRESENT,PRESENT,PRESENT,ABSENT,0.0,0.157932,0.0,Wash_hands,ABSENT
2008,3,3,14,16,OFF,OFF,OFF,OFF,OFF,OFF,OFF,OFF,ON,OFF,OFF,ABSENT,ABSENT,PRESENT,PRESENT,PRESENT,PRESENT,PRESENT,PRESENT,ABSENT,0.0,0.0,0.0,Cook,PRESENT
2008,3,3,14,17,OFF,OFF,OFF,OFF,OFF,OFF,OFF,OFF,ON,OFF,OFF,ABSENT,ABSENT,ABSENT,PRESENT,ABSENT,PRESENT,ABSENT,PRESENT,ABSENT,2.98215,0.327036,0.0,Cook,PRESENT
2008,3,3,14,18,OFF,OFF,OFF,OFF,OFF,OFF,OFF,OFF,ON,OFF,OFF,PRESENT,PRESENT,PRESENT,ABSENT,PRESENT,PRESENT,PRESENT,PRESENT,ABSENT,3.25591,0.0,0.0,Cook,PRESENT
2008,3,3,14,19,OFF,OFF,OFF,OFF,OFF,OFF,OFF,OFF,ON,OFF,OFF,PRESENT,PRESENT,PRESENT,PRESENT,PRESENT,PRESENT,PRESENT,PRESENT,ABSENT,0.0,0.0,0.0,Cook,PRESENT
2008,3,3,14,20,OFF,OFF,OFF,OFF,OFF,OFF,OFF,OFF,ON,OFF,OFF,PRESENT,PRESENT,PRESENT,PRESENT,PRESENT,PRESENT,PRESENT,PRESENT,ABSENT,3.1613,0.0,0.0,Cook,PRESENT
2008,3,3,14,21,OFF,OFF,OFF,OFF,OFF,OFF,OFF,OFF,ON,OFF,OFF,PRESENT,PRESENT,PRESENT,PRESENT,PRESENT,PRESENT,PRESENT,PRESENT,ABSENT,2.97536,0.0,0.0,Cook,PRESENT
2008,3,3,14,22,OFF,OFF,OFF,OFF,OFF,OFF,OFF,OFF,ON,OFF,OFF,PRESENT,PRESENT,PRESENT,PRESENT,PRESENT,PRESENT,PRESENT,PRESENT,ABSENT,2.88004,0.0,0.0,Cook,ABSENT
2008,3,3,14,23,OFF,OFF,OFF,OFF,OFF,OFF,OFF,OFF,ON,OFF,OFF,PRESENT,PRESENT,PRESENT,PRESENT,PRESENT,PRESENT,PRESENT,PRESENT,ABSENT,0.0,0.0,0.0,Eat,PRESENT
2008,3,3,14,24,OFF,OFF,OFF,OFF,ON,ON,ON,ON,ON,OFF,OFF,PRESENT,PRESENT,PRESENT,PRESENT,PRESENT,ABSENT,PRESENT,PRESENT,ABSENT,0.0,0.116096,0.243207,Eat,PRESENT
2008,3,3,14,25,OFF,OFF,OFF,OFF,ON,OFF,OFF,OFF,OFF,OFF,OFF,PRESENT,PRESENT,PRESENT,PRESENT,PRESENT,PRESENT,PRESENT,PRESENT,ABSENT,0.0,0.0,0.0,Eat,ABSENT
2008,3,3,14,25,OFF,OFF,OFF,OFF,OFF,ON,ON,ON,OFF,OFF,OFF,PRESENT,PRESENT,PRESENT,PRESENT,PRESENT,PRESENT,PRESENT,PRESENT,ABSENT,0.0,0.0,0.0,Clean,PRESENT
2008,3,3,14,26,OFF,OFF,OFF,OFF,OFF,OFF,OFF,OFF,ON,ON,OFF,PRESENT,PRESENT,PRESENT,PRESENT,PRESENT,PRESENT,PRESENT,PRESENT,ABSENT,0.0,0.361334,0.0,Clean,PRESENT
2008,3,3,14,27,OFF,OFF,OFF,OFF,OFF,OFF,OFF,OFF,ON,OFF,OFF,PRESENT,PRESENT,PRESENT,PRESENT,PRESENT,PRESENT,PRESENT,PRESENT,ABSENT,0.0,0.374889,0.0,Clean,PRESENT
2008,3,3,14,28,OFF,OFF,OFF,OFF,OFF,OFF,OFF,OFF,OFF,OFF,OFF,PRESENT,PRESENT,PRESENT,PRESENT,PRESENT,PRESENT,PRESENT,PRESENT,ABSENT,0.0,0.034688,0.150627,Clean,PRESENT
2008,3,3,14,29,OFF,OFF,OFF,OFF,OFF,OFF,OFF,OFF,ON,ON,OFF,PRESENT,PRESENT,PRESENT,PRESENT,PRESENT,PRESENT,PRESENT,PRESENT,ABSENT,0.0,0.056329,0.23891,Clean,PRESENT
2008,3,3,14,30,OFF,OFF,OFF,OFF,OFF,OFF,OFF,OFF,OFF,ON,OFF,PRESENT,PRESENT,PRESENT,PRESENT,PRESENT,PRESENT,PRESENT,PRESENT,ABSENT,0.0,0.389889,0.0,Clean,PRESENT
2008,3,3,14,31,OFF,OFF,OFF,OFF,ON,ON,ON,ON,ON,ON,OFF,PRESENT,PRESENT,PRESENT,PRESENT,PRESENT,PRESENT,PRESENT,PRESENT,ABSENT,0.0,0.369693,0.209964,Clean,ABSENT
2008,3,4,10,52,ON,ON,ON,ON,ON,ON,OFF,OFF,OFF,OFF,ON,PRESENT,PRESENT,PRESENT,PRESENT,PRESENT,PRESENT,PRESENT,ABSENT,ABSENT,0.0,0.0,0.0,Phone_Call,PRESENT
2008,3,4,10,53,OFF,OFF,OFF,OFF,ON,OFF,OFF,OFF,OFF,OFF,OFF,PRESENT,PRESENT,PRESENT,PRESENT,PRESENT,PRESENT,PRESENT,PRESENT,ABSENT,0.0,0.0,0.0,Phone_Call,PRESENT
2008,3,4,10,54,OFF,OFF,OFF,OFF,ON,OFF,OFF,OFF,OFF,OFF,OFF,PRESENT,PRESENT,PRESENT,PRESENT,PRESENT,PRESENT,PRESENT,PRESENT,PRESENT,0.0,0.0,0.0,Phone_Call,PRESENT
2008,3,4,10,55,OFF,OFF,OFF,OFF,ON,OFF,OFF,OFF,OFF,OFF,OFF,PRESENT,PRESENT,PRESENT,PRESENT,PRESENT,PRESENT,PRESENT,PRESENT,PRESENT,0.0,0.0,0.0,Phone_Call,ABSENT
2008,3,4,10,56,OFF,OFF,OFF,OFF,OFF,ON,ON,ON,ON,OFF,OFF,PRESENT,PRESENT,PRESENT,PRESENT,PRESENT,PRESENT,PRESENT,PRESENT,ABSENT,0.0,0.111955,0.0,Wash_hands,PRESENT
2008,3,4,10,57,OFF,OFF,OFF,OFF,OFF,OFF,OFF,OFF,ON,OFF,OFF,PRESENT,PRESENT,PRESENT,PRESENT,PRESENT,PRESENT,PRESENT,PRESENT,ABSENT,0.0,0.0,0.0,Wash_hands,ABSENT
2008,3,4,10,57,OFF,OFF,OFF,OFF,OFF,OFF,OFF,OFF,ON,OFF,OFF,PRESENT,PRESENT,PRESENT,PRESENT,PRESENT,PRESENT,PRESENT,PRESENT,ABSENT,0.0,0.0,0.0,Cook,PRESENT
2008,3,4,10,58,OFF,OFF,OFF,OFF,OFF,OFF,OFF,OFF,ON,OFF,OFF,PRESENT,ABSENT,PRESENT,PRESENT,ABSENT,PRESENT,ABSENT,PRESENT,ABSENT,0.0,0.196097,0.138479,Cook,PRESENT
2008,3,4,10,59,OFF,OFF,OFF,OFF,OFF,OFF,OFF,OFF,ON,OFF,OFF,PRESENT,PRESENT,PRESENT,PRESENT,PRESENT,PRESENT,PRESENT,PRESENT,ABSENT,3.30005,0.0,0.0,Cook,PRESENT
2008,3,4,11,0,OFF,OFF,OFF,OFF,OFF,OFF,OFF,OFF,ON,OFF,OFF,ABSENT,PRESENT,ABSENT,PRESENT,PRESENT,PRESENT,PRESENT,PRESENT,ABSENT,3.24177,0.0,0.0,Cook,PRESENT
2008,3,4,11,1,OFF,OFF,OFF,OFF,OFF,OFF,OFF,OFF,ON,OFF,OFF,PRESENT,PRESENT,PRESENT,ABSENT,PRESENT,PRESENT,PRESENT,PRESENT,ABSENT,3.1945,0.242074,0.0,Cook,PRESENT
2008,3,4,11,2,OFF,OFF,OFF,OFF,OFF,OFF,OFF,OFF,OFF,OFF,OFF,PRESENT,PRESENT,PRESENT,PRESENT,PRESENT,PRESENT,PRESENT,PRESENT,ABSENT,3.19552,0.0,0.0,Cook,PRESENT
2008,3,4,11,3,OFF,OFF,OFF,OFF,OFF,OFF,OFF,OFF,OFF,OFF,OFF,PRESENT,PRESENT,PRESENT,PRESENT,PRESENT,PRESENT,PRESENT,PRESENT,ABSENT,2.89708,0.0,0.0,Cook,PRESENT
2008,3,4,11,4,OFF,OFF,OFF,OFF,OFF,OFF,OFF,OFF,OFF,OFF,OFF,PRESENT,PRESENT,PRESENT,PRESENT,PRESENT,PRESENT,PRESENT,PRESENT,ABSENT,2.90465,0.0,0.0,Cook,PRESENT
2008,3,4,11,5,OFF,OFF,OFF,OFF,OFF,OFF,OFF,OFF,ON,OFF,OFF,PRESENT,PRESENT,PRESENT,PRESENT,PRESENT,PRESENT,PRESENT,PRESENT,ABSENT,0.0,0.169065,0.0,Cook,PRESENT
2008,3,4,11,6,OFF,OFF,OFF,OFF,OFF,OFF,OFF,OFF,ON,OFF,OFF,PRESENT,PRESENT,PRESENT,PRESENT,PRESENT,PRESENT,PRESENT,PRESENT,ABSENT,0.0,0.486921,0.0,Cook,ABSENT
2008,3,4,11,7,OFF,OFF,OFF,OFF,ON,ON,ON,ON,ON,OFF,OFF,PRESENT,PRESENT,PRESENT,PRESENT,PRESENT,ABSENT,PRESENT,PRESENT,ABSENT,0.0,0.114064,0.198128,Eat,PRESENT
2008,3,4,11,8,OFF,OFF,OFF,OFF,OFF,ON,OFF,OFF,OFF,OFF,OFF,PRESENT,PRESENT,PRESENT,PRESENT,PRESENT,PRESENT,PRESENT,PRESENT,ABSENT,0.0,0.0,0.0,Eat,PRESENT
2008,3,4,11,9,OFF,OFF,OFF,OFF,OFF,ON,OFF,OFF,OFF,OFF,OFF,PRESENT,PRESENT,PRESENT,PRESENT,PRESENT,PRESENT,PRESENT,PRESENT,ABSENT,0.0,0.0,0.0,Eat,PRESENT
2008,3,4,11,10,OFF,OFF,OFF,OFF,OFF,ON,OFF,OFF,OFF,OFF,OFF,PRESENT,PRESENT,PRESENT,PRESENT,PRESENT,PRESENT,PRESENT,PRESENT,ABSENT,0.0,0.0,0.0,Eat,PRESENT
2008,3,4,11,11,OFF,OFF,OFF,OFF,OFF,ON,OFF,OFF,OFF,OFF,OFF,PRESENT,PRESENT,PRESENT,PRESENT,PRESENT,PRESENT,PRESENT,PRESENT,ABSENT,0.0,0.0,0.0,Eat,PRESENT
2008,3,4,11,12,OFF,OFF,OFF,OFF,OFF,ON,OFF,OFF,OFF,OFF,OFF,PRESENT,PRESENT,PRESENT,PRESENT,PRESENT,PRESENT,PRESENT,PRESENT,ABSENT,0.0,0.0,0.0,Eat,PRESENT
2008,3,4,11,13,OFF,OFF,OFF,OFF,ON,ON,OFF,OFF,OFF,OFF,OFF,PRESENT,PRESENT,PRESENT,PRESENT,PRESENT,PRESENT,PRESENT,PRESENT,ABSENT,0.0,0.0,0.0,Eat,ABSENT
2008,3,4,11,14,OFF,OFF,OFF,OFF,ON,ON,ON,ON,ON,ON,OFF,PRESENT,PRESENT,PRESENT,PRESENT,PRESENT,PRESENT,PRESENT,PRESENT,ABSENT,0.0,0.0,0.0,Clean,PRESENT
2008,3,4,11,15,OFF,OFF,OFF,OFF,OFF,OFF,OFF,OFF,OFF,OFF,OFF,PRESENT,PRESENT,PRESENT,PRESENT,PRESENT,PRESENT,PRESENT,PRESENT,ABSENT,0.0,0.453601,0.115549,Clean,PRESENT
2008,3,4,11,16,OFF,OFF,OFF,OFF,OFF,OFF,OFF,OFF,ON,OFF,OFF,PRESENT,PRESENT,PRESENT,PRESENT,PRESENT,PRESENT,PRESENT,PRESENT,ABSENT,0.0,0.27895,0.0,Clean,PRESENT
2008,3,4,11,17,OFF,OFF,OFF,OFF,OFF,OFF,OFF,OFF,ON,OFF,OFF,PRESENT,PRESENT,PRESENT,PRESENT,PRESENT,PRESENT,PRESENT,PRESENT,ABSENT,0.0,0.399342,0.0,Clean,PRESENT
2008,3,4,11,18,OFF,OFF,OFF,OFF,OFF,OFF,OFF,OFF,ON,OFF,OFF,PRESENT,PRESENT,PRESENT,PRESENT,PRESENT,PRESENT,PRESENT,PRESENT,ABSENT,0.0,0.14633,0.0,Clean,PRESENT
2008,3,4,11,19,OFF,OFF,OFF,OFF,OFF,OFF,OFF,OFF,ON,OFF,OFF,ABSENT,PRESENT,PRESENT,ABSENT,PRESENT,PRESENT,PRESENT,PRESENT,ABSENT,0.0,0.0,0.0,Clean,PRESENT
2008,3,4,11,20,OFF,OFF,OFF,OFF,OFF,OFF,OFF,OFF,ON,OFF,OFF,PRESENT,PRESENT,PRESENT,PRESENT,PRESENT,PRESENT,PRESENT,PRESENT,ABSENT,0.0,0.218363,0.0,Clean,ABSENT
2008,3,4,14,9,ON,ON,ON,ON,ON,ON,OFF,OFF,OFF,OFF,ON,PRESENT,PRESENT,PRESENT,PRESENT,PRESENT,PRESENT,PRESENT,ABSENT,ABSENT,0.0,0.0,0.0,Phone_Call,PRESENT
2008,3,4,14,11,OFF,OFF,OFF,OFF,ON,OFF,OFF,OFF,OFF,OFF,OFF,PRESENT,PRESENT,PRESENT,PRESENT,PRESENT,PRESENT,PRESENT,PRESENT,ABSENT,0.0,0.0,0.0,Phone_Call,PRESENT
2008,3,4,14,12,OFF,OFF,OFF,OFF,ON,OFF,OFF,OFF,OFF,OFF,OFF,PRESENT,PRESENT,PRESENT,PRESENT,PRESENT,PRESENT,PRESENT,PRESENT,PRESENT,0.0,0.0,0.0,Phone_Call,PRESENT
2008,3,4,14,13,OFF,OFF,OFF,OFF,ON,OFF,OFF,OFF,OFF,OFF,OFF,PRESENT,PRESENT,PRESENT,PRESENT,PRESENT,PRESENT,PRESENT,PRESENT,PRESENT,0.0,0.0,0.0,Phone_Call,PRESENT
2008,3,4,14,14,OFF,OFF,OFF,OFF,ON,OFF,OFF,OFF,OFF,OFF,OFF,PRESENT,PRESENT,PRESENT,PRESENT,PRESENT,PRESENT,PRESENT,PRESENT,PRESENT,0.0,0.0,0.0,Phone_Call,ABSENT
2008,3,4,14,14,OFF,OFF,OFF,OFF,ON,ON,ON,ON,ON,OFF,OFF,PRESENT,PRESENT,PRESENT,PRESENT,PRESENT,PRESENT,PRESENT,PRESENT,ABSENT,0.0,0.246879,0.0,Wash_hands,PRESENT
2008,3,4,14,15,OFF,OFF,OFF,OFF,OFF,OFF,OFF,OFF,ON,ON,OFF,PRESENT,PRESENT,PRESENT,PRESENT,PRESENT,PRESENT,PRESENT,PRESENT,ABSENT,0.0,0.188011,0.0,Wash_hands,ABSENT
2008,3,4,14,15,OFF,OFF,OFF,OFF,OFF,OFF,OFF,OFF,OFF,OFF,OFF,ABSENT,ABSENT,PRESENT,PRESENT,PRESENT,PRESENT,PRESENT,PRESENT,ABSENT,0.0,0.0,0.0,Cook,PRESENT
2008,3,4,14,16,OFF,OFF,OFF,OFF,OFF,OFF,OFF,OFF,ON,OFF,OFF,PRESENT,PRESENT,ABSENT,ABSENT,ABSENT,PRESENT,ABSENT,PRESENT,ABSENT,0.0,0.0,0.0,Cook,PRESENT
2008,3,4,14,17,OFF,OFF,OFF,OFF,OFF,OFF,OFF,OFF,ON,OFF,OFF,PRESENT,PRESENT,PRESENT,PRESENT,PRESENT,PRESENT,PRESENT,PRESENT,ABSENT,3.15552,0.245004,0.0,Cook,PRESENT
2008,3,4,14,18,OFF,OFF,OFF,OFF,OFF,OFF,OFF,OFF,OFF,OFF,OFF,PRESENT,PRESENT,PRESENT,PRESENT,PRESENT,PRESENT,PRESENT,PRESENT,ABSENT,3.23497,0.0,0.0,Cook,PRESENT
2008,3,4,14,20,OFF,OFF,OFF,OFF,OFF,OFF,OFF,OFF,OFF,OFF,OFF,PRESENT,PRESENT,PRESENT,PRESENT,PRESENT,PRESENT,PRESENT,PRESENT,ABSENT,3.0313,0.0,0.0,Cook,PRESENT
2008,3,4,14,21,OFF,OFF,OFF,OFF,OFF,OFF,OFF,OFF,ON,OFF,OFF,PRESENT,PRESENT,PRESENT,PRESENT,PRESENT,PRESENT,PRESENT,PRESENT,ABSENT,3.00184,0.0,0.0,Cook,PRESENT
2008,3,4,14,23,OFF,OFF,OFF,OFF,OFF,OFF,OFF,OFF,OFF,OFF,OFF,PRESENT,PRESENT,PRESENT,PRESENT,PRESENT,PRESENT,PRESENT,PRESENT,ABSENT,2.99348,0.0,0.0,Cook,PRESENT
2008,3,4,14,24,OFF,OFF,OFF,OFF,OFF,OFF,OFF,OFF,ON,OFF,OFF,PRESENT,PRESENT,PRESENT,PRESENT,PRESENT,PRESENT,PRESENT,PRESENT,ABSENT,2.91137,0.0,0.0,Cook,ABSENT
2008,3,4,14,27,OFF,OFF,OFF,OFF,OFF,OFF,OFF,OFF,ON,OFF,OFF,PRESENT,PRESENT,PRESENT,PRESENT,PRESENT,PRESENT,PRESENT,PRESENT,ABSENT,0.0,0.168987,0.0,Eat,PRESENT
2008,3,4,14,28,OFF,OFF,OFF,OFF,OFF,OFF,OFF,OFF,ON,ON,OFF,PRESENT,PRESENT,PRESENT,PRESENT,PRESENT,ABSENT,PRESENT,PRESENT,ABSENT,0.0,0.369185,0.379771,Eat,PRESENT
2008,3,4,14,29,OFF,OFF,OFF,OFF,ON,ON,ON,ON,OFF,OFF,OFF,PRESENT,PRESENT,PRESENT,PRESENT,PRESENT,PRESENT,PRESENT,PRESENT,ABSENT,0.0,0.0,0.0,Eat,ABSENT
2008,3,4,14,40,OFF,OFF,OFF,OFF,ON,ON,OFF,OFF,OFF,OFF,OFF,PRESENT,PRESENT,PRESENT,PRESENT,PRESENT,PRESENT,PRESENT,PRESENT,ABSENT,0.0,0.0,0.0,Clean,PRESENT
2008,3,4,14,41,OFF,OFF,OFF,OFF,OFF,ON,ON,ON,ON,OFF,OFF,PRESENT,PRESENT,PRESENT,PRESENT,PRESENT,PRESENT,PRESENT,PRESENT,ABSENT,0.0,0.386725,0.0,Clean,PRESENT
2008,3,4,14,44,OFF,OFF,OFF,OFF,OFF,OFF,OFF,OFF,ON,OFF,OFF,PRESENT,PRESENT,PRESENT,PRESENT,PRESENT,PRESENT,PRESENT,PRESENT,ABSENT,0.0,0.267153,0.0,Clean,PRESENT
2008,3,4,14,45,OFF,OFF,OFF,OFF,OFF,OFF,OFF,OFF,OFF,OFF,OFF,PRESENT,PRESENT,PRESENT,PRESENT,PRESENT,PRESENT,PRESENT,PRESENT,ABSENT,0.0,0.462038,0.0,Clean,PRESENT
2008,3,4,14,46,OFF,OFF,OFF,OFF,OFF,OFF,OFF,OFF,ON,ON,OFF,PRESENT,PRESENT,PRESENT,PRESENT,PRESENT,PRESENT,PRESENT,PRESENT,ABSENT,0.0,0.138166,0.0,Clean,PRESENT
2008,3,4,14,47,OFF,OFF,OFF,OFF,OFF,OFF,OFF,OFF,ON,ON,OFF,PRESENT,PRESENT,PRESENT,PRESENT,ABSENT,ABSENT,PRESENT,PRESENT,ABSENT,0.0,0.0,0.0,Clean,ABSENT
2008,3,4,15,7,ON,ON,ON,ON,ON,ON,OFF,OFF,OFF,OFF,OFF,PRESENT,PRESENT,PRESENT,PRESENT,PRESENT,PRESENT,PRESENT,ABSENT,ABSENT,0.0,0.0,0.0,Phone_Call,PRESENT
2008,3,4,15,8,OFF,OFF,OFF,OFF,ON,ON,OFF,OFF,OFF,OFF,OFF,PRESENT,PRESENT,PRESENT,PRESENT,PRESENT,PRESENT,PRESENT,PRESENT,PRESENT,0.0,0.0,0.0,Phone_Call,PRESENT
2008,3,4,15,9,OFF,OFF,OFF,OFF,ON,ON,OFF,OFF,OFF,OFF,OFF,PRESENT,PRESENT,PRESENT,PRESENT,PRESENT,PRESENT,PRESENT,PRESENT,PRESENT,0.0,0.0,0.0,Phone_Call,ABSENT
2008,3,4,15,9,OFF,OFF,OFF,OFF,ON,ON,ON,ON,ON,OFF,OFF,PRESENT,PRESENT,PRESENT,PRESENT,PRESENT,PRESENT,PRESENT,PRESENT,ABSENT,0.0,0.0,0.0429303,Wash_hands,PRESENT
2008,3,4,15,10,OFF,OFF,OFF,OFF,OFF,OFF,OFF,OFF,ON,ON,OFF,PRESENT,PRESENT,PRESENT,PRESENT,PRESENT,PRESENT,PRESENT,PRESENT,ABSENT,0.0,0.0,0.109533,Wash_hands,ABSENT
2008,3,4,15,10,OFF,OFF,OFF,OFF,OFF,OFF,OFF,OFF,ON,OFF,OFF,ABSENT,ABSENT,ABSENT,ABSENT,ABSENT,PRESENT,PRESENT,PRESENT,ABSENT,0.0,0.0,0.0,Cook,PRESENT
2008,3,4,15,11,OFF,OFF,OFF,OFF,OFF,OFF,OFF,OFF,ON,OFF,OFF,PRESENT,PRESENT,PRESENT,PRESENT,PRESENT,PRESENT,ABSENT,PRESENT,ABSENT,3.2345,0.0887514,0.0,Cook,PRESENT
2008,3,4,15,12,OFF,OFF,OFF,OFF,OFF,OFF,OFF,OFF,ON,OFF,OFF,PRESENT,PRESENT,PRESENT,PRESENT,PRESENT,PRESENT,PRESENT,PRESENT,ABSENT,0.0,0.0,0.0,Cook,PRESENT
2008,3,4,15,13,OFF,OFF,OFF,OFF,OFF,OFF,OFF,OFF,ON,OFF,OFF,PRESENT,PRESENT,PRESENT,PRESENT,PRESENT,PRESENT,PRESENT,PRESENT,ABSENT,0.0,0.0,0.0,Cook,PRESENT
2008,3,4,15,14,OFF,OFF,OFF,OFF,OFF,OFF,OFF,OFF,ON,OFF,OFF,PRESENT,PRESENT,PRESENT,PRESENT,PRESENT,PRESENT,PRESENT,PRESENT,ABSENT,2.94356,0.0,0.0,Cook,PRESENT
2008,3,4,15,15,OFF,OFF,OFF,OFF,OFF,OFF,OFF,OFF,ON,OFF,OFF,PRESENT,PRESENT,PRESENT,PRESENT,PRESENT,PRESENT,PRESENT,PRESENT,ABSENT,2.92911,0.0,0.0,Cook,PRESENT
2008,3,4,15,16,OFF,OFF,OFF,OFF,OFF,OFF,OFF,OFF,ON,OFF,OFF,PRESENT,PRESENT,PRESENT,PRESENT,PRESENT,PRESENT,PRESENT,PRESENT,ABSENT,2.87043,0.0,0.0,Cook,ABSENT
2008,3,4,15,17,OFF,OFF,OFF,OFF,ON,ON,ON,ON,ON,OFF,OFF,PRESENT,PRESENT,PRESENT,PRESENT,PRESENT,PRESENT,PRESENT,PRESENT,ABSENT,0.0,0.0,0.392233,Eat,PRESENT
2008,3,4,15,18,OFF,OFF,OFF,OFF,OFF,ON,OFF,OFF,OFF,OFF,OFF,PRESENT,PRESENT,PRESENT,PRESENT,PRESENT,PRESENT,PRESENT,PRESENT,ABSENT,0.0,0.0,0.0,Eat,ABSENT
2008,3,4,15,18,OFF,OFF,OFF,OFF,OFF,ON,OFF,OFF,OFF,OFF,OFF,PRESENT,PRESENT,PRESENT,PRESENT,PRESENT,PRESENT,PRESENT,PRESENT,ABSENT,0.0,0.0,0.0,Clean,PRESENT
2008,3,4,15,19,OFF,OFF,OFF,OFF,OFF,OFF,ON,ON,ON,OFF,OFF,PRESENT,PRESENT,PRESENT,PRESENT,PRESENT,PRESENT,PRESENT,PRESENT,ABSENT,0.0,0.510008,0.172073,Clean,PRESENT
2008,3,4,15,20,OFF,OFF,OFF,OFF,OFF,OFF,OFF,OFF,ON,OFF,OFF,PRESENT,PRESENT,PRESENT,PRESENT,PRESENT,PRESENT,PRESENT,PRESENT,ABSENT,0.0,0.358365,0.202152,Clean,PRESENT
2008,3,4,15,21,OFF,OFF,OFF,OFF,OFF,OFF,OFF,OFF,OFF,OFF,OFF,PRESENT,PRESENT,PRESENT,PRESENT,PRESENT,PRESENT,PRESENT,PRESENT,ABSENT,0.0,0.278442,0.209769,Clean,PRESENT
2008,3,4,15,22,OFF,OFF,OFF,OFF,OFF,OFF,OFF,OFF,OFF,OFF,OFF,PRESENT,PRESENT,PRESENT,PRESENT,PRESENT,PRESENT,PRESENT,PRESENT,ABSENT,0.0,0.163987,0.127463,Clean,PRESENT
2008,3,4,15,23,OFF,OFF,OFF,OFF,OFF,OFF,OFF,OFF,OFF,OFF,OFF,PRESENT,PRESENT,PRESENT,PRESENT,PRESENT,PRESENT,PRESENT,PRESENT,ABSENT,0.0,0.164924,0.107736,Clean,PRESENT
2008,3,4,15,24,OFF,OFF,OFF,OFF,OFF,OFF,OFF,OFF,OFF,OFF,OFF,PRESENT,PRESENT,PRESENT,PRESENT,PRESENT,PRESENT,PRESENT,PRESENT,ABSENT,0.0,0.19469,0.111369,Clean,PRESENT
2008,3,4,15,25,OFF,OFF,OFF,OFF,OFF,OFF,OFF,OFF,ON,ON,OFF,PRESENT,PRESENT,PRESENT,PRESENT,ABSENT,PRESENT,PRESENT,PRESENT,ABSENT,0.0,0.0592978,0.102619,Clean,PRESENT
2008,3,4,15,26,OFF,OFF,OFF,OFF,OFF,OFF,OFF,OFF,ON,OFF,OFF,PRESENT,PRESENT,PRESENT,PRESENT,PRESENT,PRESENT,PRESENT,PRESENT,ABSENT,0.0,0.143518,0.0,Clean,ABSENT
2008,3,4,16,12,ON,ON,ON,ON,ON,ON,OFF,OFF,OFF,OFF,ON,PRESENT,PRESENT,PRESENT,PRESENT,PRESENT,PRESENT,PRESENT,ABSENT,ABSENT,0.0,0.0,0.0,Phone_Call,PRESENT
2008,3,4,16,13,OFF,OFF,OFF,OFF,ON,ON,OFF,OFF,OFF,OFF,OFF,PRESENT,PRESENT,PRESENT,PRESENT,PRESENT,PRESENT,PRESENT,PRESENT,ABSENT,0.0,0.0,0.0,Phone_Call,PRESENT
2008,3,4,16,14,OFF,OFF,OFF,OFF,ON,ON,OFF,OFF,OFF,OFF,OFF,PRESENT,PRESENT,PRESENT,PRESENT,PRESENT,PRESENT,PRESENT,PRESENT,PRESENT,0.0,0.0,0.0,Phone_Call,PRESENT
2008,3,4,16,15,OFF,OFF,OFF,OFF,ON,OFF,OFF,OFF,OFF,OFF,OFF,PRESENT,PRESENT,PRESENT,PRESENT,PRESENT,PRESENT,PRESENT,PRESENT,ABSENT,0.0,0.0,0.0,Phone_Call,ABSENT
2008,3,4,16,15,OFF,OFF,OFF,OFF,ON,OFF,ON,ON,ON,ON,OFF,PRESENT,PRESENT,PRESENT,PRESENT,PRESENT,PRESENT,PRESENT,PRESENT,ABSENT,0.0,0.345005,0.0,Wash_hands,PRESENT
2008,3,4,16,16,OFF,OFF,OFF,OFF,OFF,OFF,OFF,OFF,ON,ON,OFF,PRESENT,PRESENT,PRESENT,PRESENT,PRESENT,PRESENT,PRESENT,PRESENT,ABSENT,0.0,0.0,0.0,Wash_hands,ABSENT
2008,3,4,16,16,OFF,OFF,OFF,OFF,OFF,OFF,OFF,OFF,ON,OFF,OFF,ABSENT,ABSENT,PRESENT,ABSENT,ABSENT,PRESENT,ABSENT,PRESENT,ABSENT,3.10169,0.222855,0.0,Cook,PRESENT
2008,3,4,16,17,OFF,OFF,OFF,OFF,OFF,OFF,OFF,OFF,ON,OFF,OFF,PRESENT,PRESENT,ABSENT,PRESENT,PRESENT,PRESENT,PRESENT,PRESENT,ABSENT,3.25646,0.0,0.0,Cook,PRESENT
2008,3,4,16,18,OFF,OFF,OFF,OFF,OFF,OFF,OFF,OFF,ON,ON,OFF,PRESENT,PRESENT,PRESENT,PRESENT,PRESENT,PRESENT,PRESENT,PRESENT,ABSENT,0.0,0.0,0.0,Cook,PRESENT
2008,3,4,16,19,OFF,OFF,OFF,OFF,OFF,OFF,OFF,OFF,ON,OFF,OFF,PRESENT,PRESENT,PRESENT,PRESENT,PRESENT,PRESENT,PRESENT,PRESENT,ABSENT,3.07973,0.0,0.0,Cook,PRESENT
2008,3,4,16,20,OFF,OFF,OFF,OFF,OFF,OFF,OFF,OFF,ON,OFF,OFF,PRESENT,PRESENT,PRESENT,PRESENT,PRESENT,PRESENT,PRESENT,PRESENT,ABSENT,2.91114,0.0,0.0,Cook,PRESENT
2008,3,4,16,21,OFF,OFF,OFF,OFF,OFF,OFF,OFF,OFF,ON,OFF,OFF,PRESENT,PRESENT,PRESENT,PRESENT,PRESENT,PRESENT,PRESENT,PRESENT,ABSENT,0.0,0.039024,0.0,Cook,PRESENT
2008,3,4,16,22,OFF,OFF,OFF,OFF,OFF,OFF,OFF,OFF,OFF,ON,OFF,PRESENT,PRESENT,PRESENT,PRESENT,PRESENT,PRESENT,PRESENT,PRESENT,ABSENT,0.0,0.220003,0.0,Cook,ABSENT
2008,3,4,16,22,OFF,OFF,OFF,OFF,OFF,OFF,OFF,OFF,ON,OFF,OFF,PRESENT,PRESENT,PRESENT,PRESENT,PRESENT,PRESENT,PRESENT,PRESENT,ABSENT,0.0,0.0,0.0,Eat,PRESENT
2008,3,4,16,23,OFF,OFF,OFF,OFF,ON,ON,ON,ON,ON,OFF,OFF,PRESENT,PRESENT,ABSENT,PRESENT,PRESENT,ABSENT,PRESENT,PRESENT,ABSENT,0.0,0.152659,0.0830872,Eat,ABSENT
2008,3,4,16,24,OFF,OFF,OFF,OFF,ON,ON,ON,ON,ON,ON,OFF,PRESENT,PRESENT,PRESENT,PRESENT,PRESENT,PRESENT,PRESENT,PRESENT,ABSENT,2.84989,0.0,0.0,Clean,PRESENT
2008,3,4,16,25,OFF,OFF,OFF,OFF,OFF,OFF,OFF,OFF,ON,OFF,OFF,PRESENT,PRESENT,PRESENT,PRESENT,PRESENT,PRESENT,PRESENT,PRESENT,ABSENT,0.0,0.115158,0.0,Clean,PRESENT
2008,3,4,16,26,OFF,OFF,OFF,OFF,OFF,OFF,OFF,OFF,ON,OFF,OFF,PRESENT,PRESENT,PRESENT,PRESENT,PRESENT,PRESENT,PRESENT,PRESENT,ABSENT,0.0,0.196448,0.0,Clean,PRESENT
2008,3,4,16,27,OFF,OFF,OFF,OFF,OFF,OFF,OFF,OFF,ON,ON,OFF,PRESENT,PRESENT,PRESENT,PRESENT,PRESENT,PRESENT,PRESENT,PRESENT,ABSENT,0.0,0.317856,0.0,Clean,ABSENT
2008,3,4,17,19,ON,ON,ON,OFF,ON,ON,OFF,OFF,OFF,OFF,ON,PRESENT,PRESENT,PRESENT,PRESENT,PRESENT,PRESENT,PRESENT,ABSENT,ABSENT,0.0,0.0,0.0,Phone_Call,PRESENT
2008,3,4,17,20,OFF,OFF,OFF,OFF,ON,ON,OFF,OFF,OFF,OFF,OFF,PRESENT,PRESENT,PRESENT,PRESENT,PRESENT,PRESENT,PRESENT,PRESENT,PRESENT,0.0,0.0,0.0,Phone_Call,ABSENT
2008,3,4,17,20,OFF,OFF,OFF,OFF,OFF,OFF,ON,ON,ON,OFF,OFF,PRESENT,PRESENT,PRESENT,PRESENT,PRESENT,PRESENT,PRESENT,PRESENT,ABSENT,0.0,0.0686729,0.0,Wash_hands,PRESENT
2008,3,4,17,21,OFF,OFF,OFF,OFF,OFF,OFF,OFF,OFF,ON,OFF,OFF,PRESENT,PRESENT,PRESENT,PRESENT,PRESENT,PRESENT,PRESENT,PRESENT,ABSENT,0.0,0.313755,0.0,Wash_hands,ABSENT
2008,3,4,17,21,OFF,OFF,OFF,OFF,OFF,OFF,OFF,OFF,ON,OFF,OFF,ABSENT,ABSENT,ABSENT,ABSENT,ABSENT,PRESENT,ABSENT,PRESENT,ABSENT,0.0,0.0,0.0,Cook,PRESENT
2008,3,4,17,22,OFF,OFF,OFF,OFF,OFF,OFF,OFF,OFF,ON,OFF,OFF,PRESENT,PRESENT,PRESENT,PRESENT,ABSENT,PRESENT,PRESENT,PRESENT,ABSENT,3.162,0.183479,0.0,Cook,PRESENT
2008,3,4,17,23,OFF,OFF,OFF,OFF,OFF,OFF,OFF,OFF,ON,ON,OFF,PRESENT,PRESENT,PRESENT,PRESENT,PRESENT,PRESENT,PRESENT,PRESENT,ABSENT,3.08677,0.0,0.0,Cook,PRESENT
2008,3,4,17,24,OFF,OFF,OFF,OFF,OFF,OFF,ON,ON,OFF,OFF,OFF,PRESENT,PRESENT,PRESENT,PRESENT,PRESENT,PRESENT,PRESENT,PRESENT,ABSENT,0.0,0.0,0.0,Cook,PRESENT
2008,3,4,17,25,OFF,OFF,OFF,OFF,OFF,OFF,ON,ON,OFF,OFF,OFF,PRESENT,PRESENT,PRESENT,PRESENT,PRESENT,PRESENT,PRESENT,PRESENT,ABSENT,3.07153,0.0,0.0,Cook,PRESENT
2008,3,4,17,26,OFF,OFF,OFF,OFF,OFF,OFF,ON,ON,OFF,OFF,OFF,PRESENT,PRESENT,PRESENT,PRESENT,PRESENT,PRESENT,PRESENT,PRESENT,ABSENT,3.05778,0.0,0.0,Cook,PRESENT
2008,3,4,17,27,OFF,OFF,OFF,OFF,OFF,OFF,ON,ON,ON,ON,OFF,PRESENT,PRESENT,PRESENT,PRESENT,PRESENT,PRESENT,PRESENT,PRESENT,ABSENT,3.00731,0.0,0.0,Cook,PRESENT
2008,3,4,17,28,OFF,OFF,OFF,OFF,OFF,OFF,OFF,OFF,ON,OFF,OFF,PRESENT,PRESENT,PRESENT,PRESENT,PRESENT,PRESENT,PRESENT,PRESENT,ABSENT,3.00637,0.33231,0.137815,Cook,PRESENT
2008,3,4,17,29,OFF,OFF,OFF,OFF,OFF,OFF,OFF,OFF,OFF,OFF,OFF,PRESENT,PRESENT,PRESENT,PRESENT,PRESENT,PRESENT,PRESENT,PRESENT,ABSENT,3.04997,0.0,0.0,Cook,PRESENT
2008,3,4,17,30,OFF,OFF,OFF,OFF,OFF,OFF,OFF,OFF,ON,ON,OFF,PRESENT,PRESENT,PRESENT,PRESENT,PRESENT,PRESENT,PRESENT,PRESENT,ABSENT,2.90481,0.0969155,0.0,Cook,PRESENT
2008,3,4,17,31,OFF,OFF,OFF,OFF,ON,ON,ON,ON,ON,OFF,OFF,PRESENT,PRESENT,PRESENT,PRESENT,PRESENT,PRESENT,PRESENT,PRESENT,ABSENT,0.0,0.0,0.0,Cook,PRESENT
2008,3,4,17,32,OFF,OFF,OFF,OFF,OFF,OFF,OFF,OFF,ON,OFF,OFF,PRESENT,PRESENT,PRESENT,PRESENT,PRESENT,PRESENT,PRESENT,PRESENT,ABSENT,0.0,0.0,0.0,Cook,ABSENT
2008,3,4,17,32,OFF,OFF,OFF,OFF,OFF,OFF,OFF,OFF,ON,OFF,OFF,PRESENT,PRESENT,ABSENT,PRESENT,PRESENT,ABSENT,PRESENT,PRESENT,ABSENT,0.0,0.0,0.229027,Eat,PRESENT
2008,3,4,17,33,OFF,OFF,OFF,OFF,ON,ON,ON,ON,OFF,OFF,OFF,PRESENT,PRESENT,PRESENT,PRESENT,PRESENT,PRESENT,PRESENT,PRESENT,ABSENT,0.0,0.0,0.0,Eat,PRESENT
2008,3,4,17,36,OFF,OFF,OFF,OFF,ON,OFF,OFF,OFF,OFF,OFF,OFF,PRESENT,PRESENT,PRESENT,PRESENT,PRESENT,PRESENT,PRESENT,PRESENT,ABSENT,0.0,0.0,0.0,Eat,PRESENT
2008,3,4,17,37,OFF,OFF,OFF,OFF,ON,ON,OFF,OFF,OFF,OFF,OFF,PRESENT,PRESENT,PRESENT,PRESENT,PRESENT,PRESENT,PRESENT,PRESENT,ABSENT,0.0,0.0,0.0,Eat,ABSENT
2008,3,4,17,37,OFF,OFF,OFF,OFF,OFF,ON,ON,OFF,OFF,OFF,OFF,PRESENT,PRESENT,PRESENT,PRESENT,PRESENT,PRESENT,PRESENT,PRESENT,ABSENT,0.0,0.0,0.0,Clean,PRESENT
2008,3,4,17,38,OFF,OFF,OFF,OFF,OFF,OFF,OFF,ON,ON,OFF,OFF,PRESENT,PRESENT,PRESENT,PRESENT,PRESENT,PRESENT,PRESENT,PRESENT,ABSENT,0.0,0.344497,0.0,Clean,PRESENT
2008,3,4,17,39,OFF,OFF,OFF,OFF,OFF,OFF,OFF,OFF,ON,OFF,OFF,PRESENT,PRESENT,PRESENT,PRESENT,PRESENT,PRESENT,PRESENT,PRESENT,ABSENT,0.0,0.423991,0.0,Clean,PRESENT
2008,3,4,17,40,OFF,OFF,OFF,OFF,OFF,OFF,OFF,OFF,ON,ON,OFF,PRESENT,PRESENT,PRESENT,PRESENT,PRESENT,PRESENT,PRESENT,PRESENT,ABSENT,0.0,0.150471,0.0,Clean,PRESENT
2008,3,4,17,41,OFF,OFF,OFF,OFF,OFF,OFF,OFF,OFF,ON,OFF,OFF,PRESENT,PRESENT,PRESENT,PRESENT,PRESENT,PRESENT,PRESENT,PRESENT,ABSENT,0.0,0.112072,0.0,Clean,PRESENT
2008,3,4,17,42,OFF,OFF,OFF,OFF,OFF,OFF,OFF,OFF,ON,OFF,OFF,PRESENT,PRESENT,PRESENT,PRESENT,PRESENT,PRESENT,PRESENT,PRESENT,ABSENT,0.0,0.23223,0.0,Clean,ABSENT
2008,3,4,17,57,ON,OFF,ON,OFF,ON,ON,OFF,OFF,OFF,OFF,OFF,PRESENT,PRESENT,PRESENT,PRESENT,PRESENT,PRESENT,PRESENT,PRESENT,ABSENT,0.0,0.0,0.0,Phone_Call,PRESENT
2008,3,4,17,58,OFF,OFF,OFF,OFF,ON,ON,OFF,OFF,OFF,OFF,OFF,PRESENT,PRESENT,PRESENT,PRESENT,PRESENT,PRESENT,PRESENT,PRESENT,PRESENT,0.0,0.0,0.0,Phone_Call,ABSENT
2008,3,4,17,59,OFF,OFF,OFF,OFF,ON,ON,ON,ON,ON,OFF,OFF,PRESENT,PRESENT,PRESENT,PRESENT,PRESENT,PRESENT,ABSENT,PRESENT,ABSENT,0.0,0.440007,0.0,Wash_hands,PRESENT
2008,3,4,18,0,OFF,OFF,OFF,OFF,OFF,OFF,OFF,OFF,ON,ON,OFF,PRESENT,PRESENT,PRESENT,PRESENT,PRESENT,PRESENT,PRESENT,PRESENT,ABSENT,0.0,0.103048,0.0,Wash_hands,ABSENT
2008,3,4,18,0,OFF,OFF,OFF,OFF,OFF,OFF,OFF,OFF,ON,OFF,OFF,PRESENT,ABSENT,PRESENT,PRESENT,PRESENT,PRESENT,PRESENT,PRESENT,ABSENT,0.0,0.0,0.0,Cook,PRESENT
2008,3,4,18,1,OFF,OFF,OFF,OFF,OFF,OFF,OFF,OFF,ON,OFF,OFF,PRESENT,PRESENT,PRESENT,PRESENT,ABSENT,PRESENT,PRESENT,PRESENT,ABSENT,3.25896,0.0,0.0985562,Cook,PRESENT
2008,3,4,18,2,OFF,OFF,OFF,OFF,OFF,OFF,OFF,OFF,ON,OFF,OFF,PRESENT,PRESENT,PRESENT,PRESENT,PRESENT,PRESENT,PRESENT,PRESENT,ABSENT,3.14153,0.0,0.0,Cook,PRESENT
2008,3,4,18,3,OFF,OFF,OFF,OFF,OFF,OFF,OFF,OFF,ON,OFF,OFF,PRESENT,PRESENT,PRESENT,ABSENT,PRESENT,PRESENT,PRESENT,PRESENT,ABSENT,3.25185,0.0,0.0,Cook,PRESENT
2008,3,4,18,4,OFF,OFF,OFF,OFF,OFF,OFF,OFF,OFF,ON,OFF,OFF,PRESENT,PRESENT,PRESENT,PRESENT,PRESENT,PRESENT,PRESENT,PRESENT,ABSENT,2.98653,0.0,0.0,Cook,PRESENT
2008,3,4,18,5,OFF,OFF,OFF,OFF,OFF,OFF,OFF,OFF,ON,OFF,OFF,ABSENT,PRESENT,ABSENT,PRESENT,PRESENT,PRESENT,PRESENT,PRESENT,ABSENT,0.0,0.0944155,0.116447,Cook,PRESENT
2008,3,4,18,6,OFF,OFF,OFF,OFF,OFF,OFF,OFF,OFF,ON,OFF,OFF,PRESENT,PRESENT,PRESENT,PRESENT,PRESENT,PRESENT,PRESENT,PRESENT,ABSENT,2.90442,0.140901,0.0894545,Cook,ABSENT
2008,3,4,18,7,OFF,OFF,OFF,OFF,OFF,OFF,OFF,OFF,ON,ON,OFF,PRESENT,PRESENT,ABSENT,PRESENT,PRESENT,ABSENT,PRESENT,PRESENT,ABSENT,0.0,0.0,0.034649,Eat,PRESENT
2008,3,4,18,8,OFF,OFF,OFF,OFF,ON,ON,ON,ON,ON,OFF,OFF,PRESENT,PRESENT,PRESENT,PRESENT,PRESENT,PRESENT,PRESENT,PRESENT,ABSENT,0.0,0.0,0.132072,Eat,PRESENT
2008,3,4,18,9,OFF,OFF,OFF,OFF,ON,ON,OFF,OFF,OFF,OFF,OFF,PRESENT,PRESENT,PRESENT,PRESENT,PRESENT,PRESENT,PRESENT,PRESENT,ABSENT,0.0,0.0,0.0,Eat,ABSENT
2008,3,4,18,9,OFF,OFF,OFF,OFF,ON,ON,ON,ON,ON,OFF,OFF,PRESENT,PRESENT,PRESENT,PRESENT,PRESENT,PRESENT,PRESENT,PRESENT,ABSENT,0.0,0.292075,0.0352349,Clean,PRESENT
2008,3,4,18,10,OFF,OFF,OFF,OFF,OFF,OFF,OFF,OFF,OFF,OFF,OFF,PRESENT,PRESENT,PRESENT,PRESENT,PRESENT,PRESENT,PRESENT,PRESENT,ABSENT,0.0,0.211644,0.11258,Clean,PRESENT
2008,3,4,18,11,OFF,OFF,OFF,OFF,OFF,OFF,OFF,OFF,OFF,OFF,OFF,PRESENT,PRESENT,PRESENT,PRESENT,PRESENT,PRESENT,PRESENT,PRESENT,ABSENT,0.0,0.213206,0.0890639,Clean,PRESENT
2008,3,4,18,12,OFF,OFF,OFF,OFF,OFF,OFF,OFF,OFF,OFF,ON,OFF,PRESENT,PRESENT,PRESENT,PRESENT,PRESENT,PRESENT,PRESENT,PRESENT,ABSENT,0.0,0.0,0.0,Clean,PRESENT
2008,3,4,18,13,OFF,OFF,OFF,OFF,OFF,OFF,OFF,OFF,ON,ON,OFF,PRESENT,PRESENT,PRESENT,PRESENT,PRESENT,PRESENT,PRESENT,PRESENT,ABSENT,0.0,0.207073,0.0852357,Clean,ABSENT
2008,3,6,10,46,ON,ON,ON,ON,ON,ON,OFF,OFF,OFF,OFF,OFF,PRESENT,PRESENT,PRESENT,PRESENT,PRESENT,PRESENT,PRESENT,ABSENT,ABSENT,0.0,0.0,0.0,Phone_Call,PRESENT
2008,3,6,10,47,OFF,OFF,OFF,OFF,ON,OFF,OFF,OFF,OFF,OFF,OFF,PRESENT,PRESENT,PRESENT,PRESENT,PRESENT,PRESENT,PRESENT,PRESENT,PRESENT,0.0,0.0,0.0,Phone_Call,PRESENT
2008,3,6,10,48,OFF,OFF,OFF,OFF,ON,OFF,OFF,OFF,OFF,OFF,OFF,PRESENT,PRESENT,PRESENT,PRESENT,PRESENT,PRESENT,PRESENT,PRESENT,PRESENT,0.0,0.0,0.0,Phone_Call,ABSENT
2008,3,6,10,49,OFF,OFF,OFF,OFF,ON,ON,ON,ON,ON,ON,OFF,PRESENT,PRESENT,PRESENT,PRESENT,PRESENT,PRESENT,PRESENT,PRESENT,ABSENT,0.0,0.355474,0.0,Wash_hands,ABSENT
2008,3,6,10,50,OFF,OFF,OFF,OFF,OFF,OFF,OFF,OFF,ON,OFF,OFF,ABSENT,ABSENT,ABSENT,ABSENT,ABSENT,PRESENT,PRESENT,PRESENT,ABSENT,0.0,0.0,0.0,Cook,PRESENT
2008,3,6,10,51,OFF,OFF,OFF,OFF,OFF,OFF,OFF,OFF,ON,OFF,OFF,PRESENT,PRESENT,PRESENT,PRESENT,PRESENT,PRESENT,ABSENT,PRESENT,ABSENT,3.12466,0.207152,0.0,Cook,PRESENT
2008,3,6,10,52,OFF,OFF,OFF,OFF,OFF,OFF,OFF,OFF,ON,ON,OFF,PRESENT,PRESENT,PRESENT,PRESENT,PRESENT,PRESENT,PRESENT,PRESENT,ABSENT,3.16005,0.0,0.0,Cook,PRESENT
2008,3,6,10,53,OFF,OFF,OFF,OFF,OFF,OFF,OFF,OFF,OFF,OFF,OFF,PRESENT,PRESENT,PRESENT,PRESENT,PRESENT,PRESENT,PRESENT,PRESENT,ABSENT,3.23411,0.0,0.0,Cook,PRESENT
2008,3,6,10,54,OFF,OFF,OFF,OFF,OFF,OFF,OFF,OFF,ON,ON,OFF,PRESENT,PRESENT,PRESENT,PRESENT,PRESENT,PRESENT,PRESENT,PRESENT,ABSENT,0.0,0.0,0.0,Cook,PRESENT
2008,3,6,10,55,OFF,OFF,OFF,OFF,OFF,OFF,OFF,OFF,ON,OFF,OFF,PRESENT,PRESENT,PRESENT,PRESENT,PRESENT,PRESENT,PRESENT,PRESENT,ABSENT,2.98278,0.0,0.0,Cook,PRESENT
2008,3,6,10,56,OFF,OFF,OFF,OFF,OFF,OFF,OFF,OFF,ON,OFF,OFF,PRESENT,PRESENT,PRESENT,PRESENT,PRESENT,PRESENT,PRESENT,PRESENT,ABSENT,2.98528,0.0,0.0,Cook,PRESENT
2008,3,6,10,57,OFF,OFF,OFF,OFF,OFF,OFF,OFF,OFF,ON,OFF,OFF,PRESENT,PRESENT,PRESENT,PRESENT,PRESENT,PRESENT,PRESENT,PRESENT,ABSENT,2.90215,0.0,0.0,Cook,ABSENT
2008,3,6,10,59,OFF,OFF,OFF,OFF,ON,ON,ON,ON,ON,OFF,OFF,PRESENT,PRESENT,PRESENT,PRESENT,PRESENT,ABSENT,PRESENT,PRESENT,ABSENT,0.0,0.129533,0.163752,Eat,PRESENT
2008,3,6,11,0,OFF,OFF,OFF,OFF,ON,OFF,OFF,OFF,OFF,OFF,OFF,PRESENT,PRESENT,PRESENT,PRESENT,PRESENT,PRESENT,PRESENT,PRESENT,ABSENT,0.0,0.0,0.0,Eat,ABSENT
2008,3,6,11,1,OFF,OFF,OFF,OFF,ON,ON,ON,ON,ON,OFF,OFF,PRESENT,PRESENT,PRESENT,PRESENT,PRESENT,PRESENT,PRESENT,PRESENT,ABSENT,0.0,0.0,0.0,Clean,PRESENT
2008,3,6,11,2,OFF,OFF,OFF,OFF,OFF,OFF,OFF,OFF,ON,ON,OFF,PRESENT,PRESENT,PRESENT,PRESENT,PRESENT,PRESENT,PRESENT,PRESENT,ABSENT,0.0,0.138401,0.0,Clean,PRESENT
2008,3,6,11,3,OFF,OFF,OFF,OFF,OFF,OFF,OFF,OFF,ON,OFF,OFF,PRESENT,PRESENT,PRESENT,PRESENT,PRESENT,PRESENT,PRESENT,PRESENT,ABSENT,0.0,0.213011,0.0,Clean,PRESENT
2008,3,6,11,4,OFF,OFF,OFF,OFF,OFF,OFF,OFF,OFF,ON,ON,OFF,PRESENT,PRESENT,PRESENT,PRESENT,PRESENT,PRESENT,PRESENT,PRESENT,ABSENT,0.0,0.300005,0.0,Clean,PRESENT
2008,3,6,11,5,OFF,OFF,OFF,OFF,OFF,OFF,OFF,OFF,ON,OFF,OFF,PRESENT,PRESENT,PRESENT,PRESENT,PRESENT,PRESENT,PRESENT,PRESENT,ABSENT,0.0,0.346529,0.0,Clean,PRESENT
2008,3,6,11,6,OFF,OFF,OFF,OFF,OFF,OFF,OFF,OFF,ON,ON,OFF,PRESENT,PRESENT,PRESENT,PRESENT,PRESENT,PRESENT,PRESENT,PRESENT,ABSENT,0.0,0.222347,0.0,Clean,PRESENT
2008,3,6,11,7,OFF,OFF,OFF,OFF,OFF,OFF,OFF,OFF,OFF,OFF,OFF,PRESENT,PRESENT,PRESENT,PRESENT,PRESENT,PRESENT,PRESENT,PRESENT,ABSENT,0.0,0.0,0.0,Clean,ABSENT
2008,3,24,14,24,ON,ON,ON,ON,ON,ON,OFF,OFF,OFF,OFF,OFF,PRESENT,PRESENT,PRESENT,PRESENT,PRESENT,PRESENT,PRESENT,ABSENT,ABSENT,0.0,0.0,0.0,Phone_Call,PRESENT
2008,3,24,14,25,OFF,OFF,OFF,OFF,ON,OFF,OFF,OFF,OFF,OFF,OFF,PRESENT,PRESENT,PRESENT,PRESENT,PRESENT,PRESENT,PRESENT,PRESENT,ABSENT,0.0,0.0,0.0,Phone_Call,PRESENT
2008,3,24,14,26,OFF,OFF,OFF,OFF,ON,OFF,OFF,OFF,OFF,OFF,OFF,PRESENT,PRESENT,PRESENT,PRESENT,PRESENT,PRESENT,PRESENT,PRESENT,ABSENT,0.0,0.0,0.0,Phone_Call,PRESENT
2008,3,24,14,27,OFF,OFF,OFF,OFF,ON,OFF,OFF,OFF,OFF,OFF,OFF,PRESENT,PRESENT,PRESENT,PRESENT,PRESENT,PRESENT,PRESENT,PRESENT,ABSENT,0.0,0.0,0.0,Phone_Call,PRESENT
2008,3,24,14,28,OFF,OFF,OFF,OFF,ON,OFF,OFF,OFF,OFF,OFF,OFF,PRESENT,PRESENT,PRESENT,PRESENT,PRESENT,PRESENT,PRESENT,PRESENT,PRESENT,0.0,0.0,0.0,Phone_Call,PRESENT
2008,3,24,14,29,OFF,OFF,OFF,OFF,ON,OFF,OFF,OFF,OFF,OFF,OFF,PRESENT,PRESENT,PRESENT,PRESENT,PRESENT,PRESENT,PRESENT,PRESENT,PRESENT,0.0,0.0,0.0,Phone_Call,ABSENT
2008,3,24,14,29,OFF,OFF,OFF,OFF,ON,ON,ON,ON,ON,OFF,OFF,PRESENT,PRESENT,PRESENT,PRESENT,PRESENT,PRESENT,PRESENT,PRESENT,ABSENT,0.0,0.21262,0.0,Wash_hands,PRESENT
2008,3,24,14,30,OFF,OFF,OFF,OFF,OFF,OFF,OFF,OFF,ON,ON,OFF,PRESENT,PRESENT,PRESENT,PRESENT,PRESENT,PRESENT,PRESENT,PRESENT,ABSENT,0.0,0.0,0.0,Wash_hands,ABSENT
2008,3,24,14,30,OFF,OFF,OFF,OFF,OFF,OFF,OFF,OFF,ON,OFF,OFF,ABSENT,ABSENT,ABSENT,ABSENT,ABSENT,PRESENT,ABSENT,PRESENT,ABSENT,0.0,0.0410553,0.0,Cook,PRESENT
2008,3,24,14,31,OFF,OFF,OFF,OFF,OFF,OFF,OFF,OFF,ON,OFF,OFF,PRESENT,PRESENT,PRESENT,PRESENT,PRESENT,PRESENT,PRESENT,PRESENT,ABSENT,3.23942,0.214495,0.0,Cook,PRESENT
2008,3,24,14,32,OFF,OFF,OFF,OFF,OFF,OFF,OFF,OFF,ON,OFF,OFF,PRESENT,PRESENT,PRESENT,PRESENT,PRESENT,PRESENT,PRESENT,PRESENT,ABSENT,3.09403,0.0,0.0,Cook,PRESENT
2008,3,24,14,33,OFF,OFF,OFF,OFF,OFF,OFF,OFF,OFF,ON,OFF,OFF,PRESENT,PRESENT,PRESENT,PRESENT,PRESENT,PRESENT,PRESENT,PRESENT,ABSENT,0.0,0.0,0.0,Cook,PRESENT
2008,3,24,14,34,OFF,OFF,OFF,OFF,OFF,OFF,OFF,OFF,ON,OFF,OFF,PRESENT,PRESENT,PRESENT,PRESENT,PRESENT,PRESENT,PRESENT,PRESENT,ABSENT,0.0,0.0,0.0,Cook,PRESENT
2008,3,24,14,35,OFF,OFF,OFF,OFF,OFF,OFF,OFF,OFF,ON,OFF,OFF,PRESENT,PRESENT,PRESENT,PRESENT,PRESENT,PRESENT,PRESENT,PRESENT,ABSENT,0.0,0.0,0.0,Cook,PRESENT
2008,3,24,14,36,OFF,OFF,OFF,OFF,OFF,OFF,OFF,OFF,ON,OFF,OFF,PRESENT,PRESENT,PRESENT,PRESENT,PRESENT,PRESENT,PRESENT,PRESENT,ABSENT,0.0,0.0,0.0,Cook,PRESENT
2008,3,24,14,37,OFF,OFF,OFF,OFF,OFF,OFF,OFF,OFF,OFF,OFF,OFF,PRESENT,PRESENT,PRESENT,PRESENT,PRESENT,PRESENT,PRESENT,PRESENT,ABSENT,2.90458,0.0,0.0,Cook,PRESENT
2008,3,24,14,38,OFF,OFF,OFF,OFF,OFF,OFF,OFF,OFF,ON,OFF,OFF,PRESENT,PRESENT,PRESENT,PRESENT,PRESENT,PRESENT,PRESENT,PRESENT,ABSENT,2.85168,0.0,0.0,Cook,PRESENT
2008,3,24,14,39,OFF,OFF,OFF,OFF,OFF,OFF,OFF,OFF,ON,OFF,OFF,PRESENT,PRESENT,PRESENT,PRESENT,PRESENT,PRESENT,PRESENT,PRESENT,ABSENT,0.0,0.0,0.0,Cook,ABSENT
2008,3,24,14,39,OFF,OFF,OFF,OFF,OFF,OFF,OFF,OFF,ON,OFF,OFF,PRESENT,PRESENT,PRESENT,PRESENT,PRESENT,PRESENT,PRESENT,PRESENT,ABSENT,0.0,0.0,0.0,Eat,PRESENT
2008,3,24,14,40,OFF,OFF,OFF,OFF,OFF,ON,ON,ON,ON,OFF,OFF,PRESENT,PRESENT,PRESENT,PRESENT,PRESENT,ABSENT,PRESENT,PRESENT,ABSENT,2.85254,0.0,0.264574,Eat,PRESENT
2008,3,24,14,41,OFF,OFF,OFF,OFF,ON,ON,OFF,OFF,OFF,OFF,OFF,PRESENT,PRESENT,PRESENT,PRESENT,PRESENT,PRESENT,PRESENT,PRESENT,ABSENT,0.0,0.0,0.0,Eat,ABSENT
2008,3,24,14,41,OFF,OFF,OFF,OFF,OFF,OFF,ON,ON,ON,OFF,OFF,PRESENT,PRESENT,PRESENT,PRESENT,PRESENT,PRESENT,PRESENT,PRESENT,ABSENT,0.0,0.0,0.0,Clean,PRESENT
2008,3,24,14,42,OFF,OFF,OFF,OFF,OFF,OFF,OFF,OFF,ON,ON,OFF,PRESENT,PRESENT,PRESENT,PRESENT,PRESENT,PRESENT,PRESENT,PRESENT,ABSENT,0.0,0.281606,0.0,Clean,PRESENT
2008,3,24,14,43,OFF,OFF,OFF,OFF,OFF,OFF,OFF,OFF,OFF,OFF,OFF,PRESENT,PRESENT,PRESENT,PRESENT,PRESENT,PRESENT,PRESENT,PRESENT,ABSENT,0.0,0.223363,0.0,Clean,PRESENT
2008,3,24,14,44,OFF,OFF,OFF,OFF,OFF,OFF,OFF,OFF,ON,OFF,OFF,PRESENT,PRESENT,PRESENT,PRESENT,PRESENT,PRESENT,PRESENT,PRESENT,ABSENT,0.0,0.278637,0.0,Clean,PRESENT
2008,3,24,14,45,OFF,OFF,OFF,OFF,OFF,OFF,OFF,OFF,ON,ON,OFF,PRESENT,PRESENT,PRESENT,PRESENT,PRESENT,PRESENT,PRESENT,PRESENT,ABSENT,0.0,0.279184,0.0,Clean,ABSENT
2008,3,26,14,23,ON,ON,ON,ON,ON,ON,OFF,OFF,OFF,OFF,ON,PRESENT,PRESENT,PRESENT,PRESENT,PRESENT,PRESENT,PRESENT,ABSENT,ABSENT,0.0,0.0,0.0,Phone_Call,PRESENT
2008,3,26,14,24,OFF,OFF,OFF,OFF,ON,OFF,OFF,OFF,OFF,OFF,OFF,PRESENT,PRESENT,PRESENT,PRESENT,PRESENT,PRESENT,PRESENT,PRESENT,PRESENT,0.0,0.0,0.0,Phone_Call,PRESENT
2008,3,26,14,25,OFF,OFF,OFF,OFF,ON,OFF,OFF,OFF,OFF,OFF,OFF,PRESENT,PRESENT,PRESENT,PRESENT,PRESENT,PRESENT,PRESENT,PRESENT,PRESENT,0.0,0.0,0.0,Phone_Call,ABSENT
2008,3,26,14,25,OFF,OFF,OFF,OFF,ON,ON,ON,ON,ON,OFF,OFF,PRESENT,PRESENT,PRESENT,PRESENT,PRESENT,PRESENT,PRESENT,PRESENT,ABSENT,0.0,0.039649,0.0,Wash_hands,PRESENT
2008,3,26,14,26,OFF,OFF,OFF,OFF,OFF,OFF,OFF,OFF,ON,ON,OFF,PRESENT,PRESENT,PRESENT,PRESENT,PRESENT,PRESENT,PRESENT,PRESENT,ABSENT,0.0,0.209066,0.0,Wash_hands,ABSENT
2008,3,26,14,26,OFF,OFF,OFF,OFF,OFF,OFF,OFF,OFF,OFF,OFF,OFF,ABSENT,PRESENT,PRESENT,PRESENT,PRESENT,PRESENT,PRESENT,PRESENT,ABSENT,0.0,0.0,0.0,Cook,PRESENT
2008,3,26,14,27,OFF,OFF,OFF,OFF,OFF,OFF,OFF,OFF,ON,OFF,OFF,PRESENT,ABSENT,ABSENT,ABSENT,ABSENT,PRESENT,ABSENT,PRESENT,ABSENT,3.19942,0.0893373,0.0,Cook,PRESENT
2008,3,26,14,28,OFF,OFF,OFF,OFF,OFF,OFF,OFF,OFF,ON,OFF,OFF,PRESENT,PRESENT,PRESENT,PRESENT,PRESENT,PRESENT,PRESENT,PRESENT,ABSENT,3.25778,0.0,0.0,Cook,PRESENT
2008,3,26,14,29,OFF,OFF,OFF,OFF,OFF,OFF,OFF,OFF,ON,OFF,OFF,PRESENT,PRESENT,PRESENT,PRESENT,PRESENT,PRESENT,PRESENT,PRESENT,ABSENT,0.0,0.0,0.0,Cook,PRESENT
2008,3,26,14,30,OFF,OFF,OFF,OFF,OFF,OFF,OFF,OFF,ON,OFF,OFF,PRESENT,PRESENT,PRESENT,PRESENT,PRESENT,PRESENT,PRESENT,PRESENT,ABSENT,3.20005,0.0,0.0,Cook,PRESENT
2008,3,26,14,31,OFF,OFF,OFF,OFF,OFF,OFF,OFF,OFF,ON,OFF,OFF,PRESENT,PRESENT,PRESENT,PRESENT,PRESENT,PRESENT,PRESENT,PRESENT,ABSENT,2.90106,0.0,0.0,Cook,PRESENT
2008,3,26,14,32,OFF,OFF,OFF,OFF,OFF,OFF,OFF,OFF,OFF,OFF,OFF,PRESENT,PRESENT,PRESENT,PRESENT,PRESENT,PRESENT,PRESENT,PRESENT,ABSENT,0.0,0.0,0.0,Cook,ABSENT
2008,3,26,14,33,OFF,OFF,OFF,OFF,OFF,ON,ON,ON,ON,OFF,OFF,PRESENT,PRESENT,ABSENT,PRESENT,PRESENT,ABSENT,PRESENT,PRESENT,ABSENT,0.0,0.0,0.313559,Eat,PRESENT
2008,3,26,14,34,OFF,OFF,OFF,OFF,ON,ON,OFF,OFF,OFF,OFF,OFF,PRESENT,PRESENT,PRESENT,PRESENT,PRESENT,PRESENT,PRESENT,PRESENT,ABSENT,0.0,0.0,0.0,Eat,ABSENT
2008,3,26,14,35,OFF,OFF,OFF,OFF,ON,OFF,ON,ON,ON,ON,OFF,PRESENT,PRESENT,PRESENT,PRESENT,PRESENT,PRESENT,PRESENT,PRESENT,ABSENT,0.0,0.164807,0.0,Clean,PRESENT
2008,3,26,14,37,OFF,OFF,OFF,OFF,OFF,OFF,OFF,OFF,ON,ON,OFF,PRESENT,PRESENT,PRESENT,PRESENT,PRESENT,PRESENT,PRESENT,PRESENT,ABSENT,0.0,0.0629306,0.205472,Clean,PRESENT
2008,3,26,14,38,OFF,OFF,OFF,OFF,OFF,OFF,OFF,OFF,OFF,OFF,OFF,PRESENT,PRESENT,PRESENT,PRESENT,PRESENT,PRESENT,PRESENT,PRESENT,ABSENT,0.0,0.0,0.204847,Clean,PRESENT
2008,3,26,14,39,OFF,OFF,OFF,OFF,OFF,OFF,OFF,OFF,ON,ON,OFF,PRESENT,PRESENT,PRESENT,PRESENT,PRESENT,PRESENT,PRESENT,PRESENT,ABSENT,0.0,0.186956,0.151995,Clean,ABSENT
2008,3,27,10,59,OFF,ON,ON,ON,ON,ON,OFF,OFF,OFF,OFF,OFF,PRESENT,PRESENT,PRESENT,PRESENT,PRESENT,PRESENT,PRESENT,ABSENT,ABSENT,0.0,0.0,0.0,Phone_Call,PRESENT
2008,3,27,11,0,OFF,OFF,OFF,OFF,ON,OFF,OFF,OFF,OFF,OFF,OFF,PRESENT,PRESENT,PRESENT,PRESENT,PRESENT,PRESENT,PRESENT,PRESENT,PRESENT,0.0,0.0,0.0,Phone_Call,ABSENT
2008,3,27,11,1,OFF,OFF,OFF,OFF,OFF,ON,ON,ON,ON,OFF,OFF,PRESENT,PRESENT,PRESENT,PRESENT,PRESENT,PRESENT,PRESENT,PRESENT,ABSENT,0.0,0.0362115,0.0,Wash_hands,PRESENT
2008,3,27,11,2,OFF,OFF,OFF,OFF,OFF,OFF,OFF,OFF,ON,OFF,OFF,PRESENT,PRESENT,PRESENT,PRESENT,PRESENT,PRESENT,PRESENT,PRESENT,ABSENT,0.0,0.13469,0.0,Wash_hands,ABSENT
2008,3,27,11,3,OFF,OFF,OFF,OFF,OFF,OFF,OFF,OFF,ON,OFF,OFF,ABSENT,ABSENT,ABSENT,ABSENT,ABSENT,PRESENT,ABSENT,PRESENT,ABSENT,0.0,0.204105,0.0,Cook,PRESENT
2008,3,27,11,4,OFF,OFF,OFF,OFF,OFF,OFF,OFF,OFF,ON,OFF,OFF,PRESENT,PRESENT,PRESENT,PRESENT,PRESENT,PRESENT,PRESENT,PRESENT,ABSENT,3.23958,0.0834388,0.0,Cook,PRESENT
2008,3,27,11,5,OFF,OFF,OFF,OFF,OFF,OFF,OFF,OFF,ON,OFF,OFF,PRESENT,PRESENT,PRESENT,PRESENT,PRESENT,PRESENT,PRESENT,PRESENT,ABSENT,0.0,0.0,0.0,Cook,PRESENT
2008,3,27,11,6,OFF,OFF,OFF,OFF,OFF,OFF,OFF,OFF,ON,OFF,OFF,PRESENT,PRESENT,PRESENT,PRESENT,PRESENT,PRESENT,PRESENT,PRESENT,ABSENT,3.30341,0.0,0.0,Cook,PRESENT
2008,3,27,11,7,OFF,OFF,OFF,OFF,OFF,OFF,OFF,OFF,ON,OFF,OFF,PRESENT,PRESENT,PRESENT,PRESENT,PRESENT,PRESENT,PRESENT,PRESENT,ABSENT,2.97098,0.27645,0.0,Cook,PRESENT
2008,3,27,11,8,OFF,OFF,OFF,OFF,OFF,OFF,OFF,OFF,ON,ON,OFF,PRESENT,PRESENT,PRESENT,PRESENT,PRESENT,PRESENT,PRESENT,PRESENT,ABSENT,2.8934,0.0,0.0,Cook,PRESENT
2008,3,27,11,9,OFF,OFF,OFF,OFF,OFF,OFF,OFF,ON,ON,OFF,OFF,PRESENT,PRESENT,PRESENT,PRESENT,PRESENT,PRESENT,PRESENT,PRESENT,ABSENT,0.0,0.0,0.0,Cook,PRESENT
2008,3,27,11,10,OFF,OFF,OFF,OFF,OFF,OFF,OFF,OFF,ON,OFF,OFF,ABSENT,PRESENT,PRESENT,PRESENT,PRESENT,PRESENT,PRESENT,PRESENT,ABSENT,0.0,0.169573,0.0,Cook,ABSENT
2008,3,27,11,11,OFF,OFF,OFF,OFF,OFF,ON,ON,ON,ON,OFF,OFF,PRESENT,PRESENT,PRESENT,PRESENT,PRESENT,ABSENT,PRESENT,PRESENT,ABSENT,0.0,0.105588,0.0,Eat,PRESENT
2008,3,27,11,12,OFF,OFF,OFF,OFF,ON,ON,ON,ON,ON,OFF,OFF,PRESENT,PRESENT,PRESENT,PRESENT,PRESENT,PRESENT,PRESENT,PRESENT,ABSENT,0.0,0.0,0.0,Eat,PRESENT
2008,3,27,11,13,OFF,OFF,OFF,OFF,ON,OFF,OFF,OFF,OFF,OFF,OFF,PRESENT,PRESENT,PRESENT,PRESENT,PRESENT,PRESENT,PRESENT,PRESENT,ABSENT,0.0,0.0,0.0,Eat,PRESENT
2008,3,27,11,14,OFF,OFF,OFF,OFF,OFF,OFF,OFF,OFF,OFF,OFF,OFF,PRESENT,PRESENT,PRESENT,PRESENT,PRESENT,PRESENT,PRESENT,PRESENT,ABSENT,0.0,0.0,0.0,Eat,ABSENT
2008,3,27,11,15,OFF,OFF,OFF,OFF,ON,ON,ON,ON,ON,OFF,OFF,PRESENT,PRESENT,PRESENT,PRESENT,PRESENT,PRESENT,PRESENT,PRESENT,ABSENT,0.0,0.0379303,0.0,Clean,PRESENT
2008,3,27,11,16,OFF,OFF,OFF,OFF,OFF,OFF,OFF,OFF,ON,OFF,OFF,PRESENT,PRESENT,PRESENT,PRESENT,PRESENT,PRESENT,PRESENT,PRESENT,ABSENT,0.0,0.218949,0.0,Clean,PRESENT
2008,3,27,11,17,OFF,OFF,OFF,OFF,OFF,OFF,OFF,OFF,OFF,OFF,OFF,PRESENT,PRESENT,PRESENT,PRESENT,PRESENT,PRESENT,PRESENT,PRESENT,ABSENT,0.0,0.195862,0.0,Clean,PRESENT
2008,3,27,11,18,OFF,OFF,OFF,OFF,OFF,OFF,OFF,OFF,OFF,OFF,OFF,PRESENT,PRESENT,PRESENT,PRESENT,PRESENT,PRESENT,PRESENT,PRESENT,ABSENT,0.0,0.135588,0.0,Clean,PRESENT
2008,3,27,11,19,OFF,OFF,OFF,OFF,OFF,OFF,OFF,OFF,OFF,OFF,OFF,PRESENT,PRESENT,PRESENT,PRESENT,PRESENT,PRESENT,PRESENT,PRESENT,ABSENT,0.0,0.221488,0.0,Clean,PRESENT
2008,3,27,11,20,OFF,OFF,OFF,OFF,OFF,OFF,OFF,OFF,OFF,ON,OFF,PRESENT,PRESENT,PRESENT,PRESENT,PRESENT,PRESENT,PRESENT,PRESENT,ABSENT,0.0,0.387506,0.0,Clean,PRESENT
2008,3,27,11,21,OFF,OFF,OFF,OFF,OFF,OFF,OFF,OFF,ON,ON,OFF,PRESENT,PRESENT,PRESENT,PRESENT,PRESENT,PRESENT,PRESENT,PRESENT,ABSENT,0.0,0.245629,0.0,Clean,ABSENT
2008,3,28,11,27,ON,OFF,OFF,OFF,OFF,OFF,OFF,OFF,OFF,OFF,ON,PRESENT,PRESENT,PRESENT,PRESENT,PRESENT,PRESENT,PRESENT,PRESENT,ABSENT,0.0,0.0,0.0,Phone_Call,PRESENT
2008,3,28,11,28,OFF,ON,ON,ON,ON,ON,OFF,OFF,OFF,OFF,OFF,PRESENT,PRESENT,PRESENT,PRESENT,PRESENT,PRESENT,PRESENT,ABSENT,ABSENT,0.0,0.0,0.0,Phone_Call,PRESENT
2008,3,28,11,29,OFF,OFF,OFF,OFF,ON,OFF,OFF,OFF,OFF,OFF,OFF,PRESENT,PRESENT,PRESENT,PRESENT,PRESENT,PRESENT,PRESENT,PRESENT,PRESENT,0.0,0.0,0.0,Phone_Call,ABSENT
2008,3,28,11,30,OFF,OFF,OFF,OFF,OFF,ON,ON,ON,ON,OFF,OFF,PRESENT,PRESENT,PRESENT,PRESENT,PRESENT,PRESENT,PRESENT,PRESENT,ABSENT,0.0,0.125002,0.169924,Wash_hands,PRESENT
2008,3,28,11,31,OFF,OFF,OFF,OFF,OFF,OFF,OFF,OFF,OFF,ON,OFF,PRESENT,PRESENT,PRESENT,PRESENT,PRESENT,PRESENT,PRESENT,PRESENT,ABSENT,0.0,0.0,0.0,Wash_hands,ABSENT
2008,3,28,11,31,OFF,OFF,OFF,OFF,OFF,OFF,OFF,OFF,ON,ON,OFF,ABSENT,ABSENT,PRESENT,PRESENT,ABSENT,PRESENT,ABSENT,PRESENT,ABSENT,3.24005,0.0,0.0,Cook,PRESENT
2008,3,28,11,32,OFF,OFF,OFF,OFF,OFF,OFF,OFF,OFF,ON,OFF,OFF,PRESENT,PRESENT,PRESENT,PRESENT,PRESENT,PRESENT,PRESENT,PRESENT,ABSENT,3.07966,0.0,0.0855091,Cook,PRESENT
2008,3,28,11,33,OFF,OFF,OFF,OFF,OFF,OFF,OFF,OFF,ON,ON,OFF,PRESENT,PRESENT,PRESENT,PRESENT,PRESENT,PRESENT,PRESENT,PRESENT,ABSENT,3.21646,0.0,0.0,Cook,PRESENT
2008,3,28,11,34,OFF,OFF,OFF,OFF,OFF,OFF,OFF,OFF,ON,OFF,OFF,PRESENT,PRESENT,PRESENT,PRESENT,PRESENT,PRESENT,PRESENT,PRESENT,ABSENT,3.02481,0.0,0.0,Cook,PRESENT
2008,3,28,11,35,OFF,OFF,OFF,OFF,OFF,OFF,OFF,OFF,OFF,OFF,OFF,PRESENT,PRESENT,ABSENT,PRESENT,PRESENT,PRESENT,PRESENT,PRESENT,ABSENT,3.01739,0.0,0.0,Cook,PRESENT
2008,3,28,11,36,OFF,OFF,OFF,OFF,OFF,OFF,OFF,OFF,ON,OFF,OFF,PRESENT,PRESENT,PRESENT,PRESENT,PRESENT,PRESENT,PRESENT,PRESENT,ABSENT,2.88004,0.0,0.0,Cook,PRESENT
2008,3,28,11,37,OFF,OFF,OFF,OFF,OFF,OFF,OFF,OFF,OFF,OFF,OFF,PRESENT,PRESENT,PRESENT,ABSENT,PRESENT,PRESENT,PRESENT,PRESENT,ABSENT,0.0,0.0,0.0,Cook,PRESENT
2008,3,28,11,38,OFF,OFF,OFF,OFF,OFF,OFF,OFF,OFF,ON,OFF,OFF,PRESENT,PRESENT,PRESENT,PRESENT,PRESENT,PRESENT,PRESENT,PRESENT,ABSENT,0.0,0.0,0.0,Cook,ABSENT
2008,3,28,11,39,OFF,OFF,OFF,OFF,ON,ON,ON,ON,ON,ON,OFF,PRESENT,PRESENT,PRESENT,PRESENT,PRESENT,ABSENT,PRESENT,PRESENT,ABSENT,0.0,0.0,0.0996109,Eat,PRESENT
2008,3,28,11,40,OFF,OFF,OFF,OFF,ON,OFF,OFF,OFF,OFF,OFF,OFF,PRESENT,PRESENT,PRESENT,PRESENT,PRESENT,PRESENT,PRESENT,PRESENT,ABSENT,0.0,0.0,0.0,Eat,ABSENT
2008,3,28,11,41,OFF,OFF,OFF,OFF,ON,ON,ON,ON,ON,OFF,OFF,PRESENT,PRESENT,PRESENT,ABSENT,PRESENT,PRESENT,PRESENT,PRESENT,ABSENT,0.0,0.0,0.037774,Clean,PRESENT
2008,3,28,11,42,OFF,OFF,OFF,OFF,OFF,OFF,OFF,OFF,OFF,OFF,OFF,PRESENT,PRESENT,PRESENT,PRESENT,PRESENT,PRESENT,PRESENT,PRESENT,ABSENT,0.0,0.554774,0.173245,Clean,PRESENT
2008,3,28,11,43,OFF,OFF,OFF,OFF,OFF,OFF,OFF,OFF,OFF,ON,OFF,PRESENT,PRESENT,PRESENT,PRESENT,PRESENT,PRESENT,PRESENT,PRESENT,ABSENT,0.0,0.548876,0.0,Clean,PRESENT
2008,3,28,11,44,OFF,OFF,OFF,OFF,OFF,OFF,OFF,OFF,ON,ON,OFF,PRESENT,PRESENT,PRESENT,PRESENT,PRESENT,PRESENT,PRESENT,PRESENT,ABSENT,0.0,0.0,0.0,Clean,PRESENT
2008,3,28,11,45,OFF,OFF,OFF,OFF,OFF,OFF,OFF,OFF,ON,OFF,OFF,PRESENT,PRESENT,PRESENT,PRESENT,PRESENT,PRESENT,PRESENT,PRESENT,ABSENT,0.0,0.386178,0.0,Clean,ABSENT
2008,3,28,12,30,OFF,ON,ON,ON,ON,ON,OFF,OFF,OFF,OFF,OFF,PRESENT,PRESENT,PRESENT,PRESENT,PRESENT,PRESENT,PRESENT,ABSENT,ABSENT,0.0,0.0,0.0,Phone_Call,PRESENT
2008,3,28,12,31,OFF,OFF,OFF,OFF,ON,OFF,OFF,OFF,OFF,OFF,OFF,PRESENT,PRESENT,PRESENT,PRESENT,PRESENT,PRESENT,PRESENT,PRESENT,PRESENT,0.0,0.0,0.0,Phone_Call,PRESENT
2008,3,28,12,32,OFF,OFF,OFF,OFF,ON,OFF,OFF,OFF,OFF,OFF,OFF,PRESENT,PRESENT,PRESENT,PRESENT,PRESENT,PRESENT,PRESENT,PRESENT,PRESENT,0.0,0.0,0.0,Phone_Call,ABSENT
2008,3,28,12,32,OFF,OFF,OFF,OFF,OFF,ON,ON,ON,ON,OFF,OFF,PRESENT,PRESENT,PRESENT,PRESENT,PRESENT,PRESENT,PRESENT,PRESENT,ABSENT,0.0,0.315356,0.0,Wash_hands,PRESENT
2008,3,28,12,33,OFF,OFF,OFF,OFF,OFF,OFF,OFF,OFF,ON,ON,OFF,PRESENT,PRESENT,PRESENT,PRESENT,PRESENT,PRESENT,PRESENT,PRESENT,ABSENT,0.0,0.309458,0.0,Wash_hands,ABSENT
2008,3,28,12,33,OFF,OFF,OFF,OFF,OFF,OFF,OFF,OFF,ON,OFF,OFF,ABSENT,ABSENT,ABSENT,PRESENT,PRESENT,PRESENT,PRESENT,PRESENT,ABSENT,0.0,0.0,0.0,Cook,PRESENT
2008,3,28,12,34,OFF,OFF,OFF,OFF,OFF,OFF,OFF,OFF,ON,ON,OFF,PRESENT,PRESENT,PRESENT,ABSENT,ABSENT,PRESENT,ABSENT,PRESENT,ABSENT,3.17724,0.0972671,0.0,Cook,PRESENT
2008,3,28,12,35,OFF,OFF,OFF,OFF,OFF,OFF,OFF,OFF,ON,OFF,OFF,PRESENT,PRESENT,PRESENT,PRESENT,PRESENT,PRESENT,PRESENT,PRESENT,ABSENT,3.23091,0.0,0.0,Cook,PRESENT
2008,3,28,12,36,OFF,OFF,OFF,OFF,OFF,OFF,OFF,OFF,ON,OFF,OFF,PRESENT,PRESENT,PRESENT,PRESENT,PRESENT,PRESENT,PRESENT,PRESENT,ABSENT,3.11614,0.0,0.0,Cook,PRESENT
2008,3,28,12,37,OFF,OFF,OFF,OFF,OFF,OFF,OFF,OFF,ON,OFF,OFF,PRESENT,PRESENT,PRESENT,PRESENT,PRESENT,PRESENT,PRESENT,PRESENT,ABSENT,2.91145,0.0,0.0,Cook,PRESENT
2008,3,28,12,38,OFF,OFF,OFF,OFF,OFF,OFF,OFF,OFF,OFF,OFF,OFF,PRESENT,PRESENT,PRESENT,PRESENT,PRESENT,PRESENT,PRESENT,PRESENT,ABSENT,3.05708,0.0,0.0,Cook,PRESENT
2008,3,28,12,39,OFF,OFF,OFF,OFF,OFF,OFF,OFF,OFF,ON,OFF,OFF,PRESENT,PRESENT,PRESENT,PRESENT,PRESENT,PRESENT,PRESENT,PRESENT,ABSENT,0.0,0.0,0.0,Cook,PRESENT
2008,3,28,12,40,OFF,OFF,OFF,OFF,OFF,OFF,OFF,OFF,OFF,OFF,OFF,PRESENT,PRESENT,PRESENT,PRESENT,PRESENT,PRESENT,PRESENT,PRESENT,ABSENT,2.87426,0.0,0.0,Cook,PRESENT
2008,3,28,12,41,OFF,OFF,OFF,OFF,OFF,OFF,OFF,OFF,ON,OFF,OFF,PRESENT,PRESENT,PRESENT,PRESENT,PRESENT,PRESENT,PRESENT,PRESENT,ABSENT,0.0,0.0,0.0,Cook,ABSENT
2008,3,28,12,42,OFF,OFF,OFF,OFF,ON,ON,ON,ON,ON,OFF,OFF,PRESENT,PRESENT,PRESENT,PRESENT,PRESENT,ABSENT,PRESENT,PRESENT,ABSENT,0.0,0.0,0.186604,Eat,PRESENT
2008,3,28,12,44,OFF,OFF,OFF,OFF,ON,ON,OFF,OFF,OFF,OFF,OFF,PRESENT,PRESENT,PRESENT,PRESENT,PRESENT,PRESENT,PRESENT,PRESENT,ABSENT,0.0,0.0,0.0,Eat,PRESENT
2008,3,28,12,47,OFF,OFF,OFF,OFF,ON,OFF,OFF,OFF,OFF,OFF,OFF,PRESENT,PRESENT,PRESENT,PRESENT,PRESENT,PRESENT,PRESENT,PRESENT,ABSENT,0.0,0.0,0.0,Eat,PRESENT
2008,3,28,12,48,OFF,OFF,OFF,OFF,OFF,ON,OFF,OFF,OFF,OFF,OFF,PRESENT,PRESENT,PRESENT,PRESENT,PRESENT,PRESENT,PRESENT,PRESENT,ABSENT,0.0,0.0,0.0,Eat,ABSENT
2008,3,28,12,48,OFF,OFF,OFF,OFF,ON,ON,OFF,OFF,OFF,OFF,OFF,PRESENT,PRESENT,PRESENT,PRESENT,PRESENT,PRESENT,PRESENT,PRESENT,ABSENT,0.0,0.0,0.0,Clean,PRESENT
2008,3,28,12,49,OFF,OFF,OFF,OFF,ON,OFF,ON,ON,ON,OFF,OFF,PRESENT,PRESENT,PRESENT,PRESENT,PRESENT,PRESENT,PRESENT,PRESENT,ABSENT,0.0,0.319692,0.371803,Clean,PRESENT
2008,3,28,12,50,OFF,OFF,OFF,OFF,OFF,OFF,OFF,OFF,OFF,OFF,OFF,PRESENT,PRESENT,PRESENT,PRESENT,PRESENT,PRESENT,PRESENT,PRESENT,ABSENT,0.0,0.17719,0.0454304,Clean,PRESENT
2008,3,28,12,51,OFF,OFF,OFF,OFF,OFF,OFF,OFF,OFF,OFF,ON,OFF,PRESENT,PRESENT,PRESENT,PRESENT,PRESENT,PRESENT,PRESENT,PRESENT,ABSENT,0.0,0.0389068,0.17762,Clean,PRESENT
2008,3,28,12,52,OFF,OFF,OFF,OFF,OFF,OFF,OFF,OFF,ON,ON,OFF,PRESENT,PRESENT,PRESENT,PRESENT,PRESENT,PRESENT,PRESENT,PRESENT,ABSENT,0.0,0.141135,0.0474226,Clean,PRESENT
2008,3,28,12,53,OFF,OFF,OFF,OFF,OFF,OFF,OFF,OFF,ON,ON,OFF,PRESENT,PRESENT,PRESENT,PRESENT,PRESENT,PRESENT,PRESENT,PRESENT,ABSENT,0.0,0.0830091,0.154885,Clean,PRESENT
2008,3,28,12,54,OFF,OFF,OFF,OFF,OFF,OFF,OFF,OFF,ON,OFF,OFF,PRESENT,PRESENT,PRESENT,PRESENT,PRESENT,PRESENT,PRESENT,PRESENT,ABSENT,0.0,0.0,0.0,Clean,ABSENT
2008,4,15,17,6,ON,ON,ON,ON,ON,ON,ON,ON,OFF,OFF,ON,PRESENT,PRESENT,PRESENT,PRESENT,PRESENT,PRESENT,PRESENT,ABSENT,ABSENT,0.0,0.0,0.0,Phone_Call,PRESENT
2008,4,15,17,7,OFF,OFF,OFF,OFF,ON,OFF,OFF,OFF,OFF,OFF,OFF,PRESENT,PRESENT,PRESENT,PRESENT,PRESENT,PRESENT,PRESENT,PRESENT,ABSENT,0.0,0.0,0.0,Phone_Call,PRESENT
2008,4,15,17,8,OFF,OFF,OFF,OFF,ON,OFF,OFF,OFF,OFF,OFF,OFF,PRESENT,PRESENT,PRESENT,PRESENT,PRESENT,PRESENT,PRESENT,PRESENT,PRESENT,0.0,0.0,0.0,Phone_Call,PRESENT
2008,4,15,17,9,OFF,OFF,OFF,OFF,ON,OFF,OFF,OFF,OFF,OFF,OFF,PRESENT,PRESENT,PRESENT,PRESENT,PRESENT,PRESENT,PRESENT,PRESENT,PRESENT,0.0,0.0,0.0,Phone_Call,ABSENT
2008,4,15,17,9,OFF,OFF,OFF,OFF,OFF,ON,ON,ON,ON,OFF,OFF,PRESENT,PRESENT,PRESENT,PRESENT,PRESENT,PRESENT,PRESENT,PRESENT,ABSENT,0.0,0.0932045,0.243246,Wash_hands,PRESENT
2008,4,15,17,10,OFF,OFF,OFF,OFF,OFF,OFF,OFF,OFF,ON,ON,OFF,PRESENT,PRESENT,PRESENT,PRESENT,PRESENT,PRESENT,PRESENT,PRESENT,ABSENT,0.0,0.209574,0.240004,Wash_hands,ABSENT
2008,4,15,17,11,OFF,OFF,OFF,OFF,OFF,OFF,OFF,OFF,ON,OFF,OFF,ABSENT,ABSENT,ABSENT,ABSENT,ABSENT,PRESENT,ABSENT,PRESENT,ABSENT,3.01505,0.0392584,0.0400006,Cook,PRESENT
2008,4,15,17,12,OFF,OFF,OFF,OFF,OFF,OFF,OFF,OFF,ON,OFF,OFF,PRESENT,PRESENT,PRESENT,PRESENT,PRESENT,PRESENT,PRESENT,PRESENT,ABSENT,3.28403,0.189925,0.0764465,Cook,PRESENT
2008,4,15,17,13,OFF,OFF,OFF,OFF,OFF,OFF,OFF,OFF,ON,OFF,OFF,PRESENT,PRESENT,PRESENT,PRESENT,PRESENT,PRESENT,PRESENT,PRESENT,ABSENT,2.98419,0.0,0.0,Cook,PRESENT
2008,4,15,17,14,OFF,OFF,OFF,OFF,OFF,OFF,OFF,OFF,ON,OFF,OFF,PRESENT,PRESENT,PRESENT,PRESENT,PRESENT,PRESENT,PRESENT,PRESENT,ABSENT,3.13825,0.0,0.0,Cook,PRESENT
2008,4,15,17,15,OFF,OFF,OFF,OFF,OFF,OFF,OFF,OFF,ON,OFF,OFF,PRESENT,PRESENT,PRESENT,PRESENT,PRESENT,PRESENT,PRESENT,PRESENT,ABSENT,3.10544,0.0,0.0,Cook,PRESENT
2008,4,15,17,16,OFF,OFF,OFF,OFF,OFF,OFF,OFF,OFF,ON,OFF,OFF,PRESENT,PRESENT,PRESENT,PRESENT,PRESENT,PRESENT,PRESENT,PRESENT,ABSENT,2.9809,0.0,0.0,Cook,PRESENT
2008,4,15,17,17,OFF,OFF,OFF,OFF,OFF,OFF,OFF,OFF,ON,OFF,OFF,PRESENT,PRESENT,PRESENT,PRESENT,PRESENT,PRESENT,PRESENT,PRESENT,ABSENT,2.83247,0.0,0.0,Cook,PRESENT
2008,4,15,17,18,OFF,OFF,OFF,OFF,OFF,OFF,OFF,OFF,ON,OFF,OFF,PRESENT,PRESENT,PRESENT,PRESENT,PRESENT,PRESENT,PRESENT,PRESENT,ABSENT,0.0,0.0,0.0,Cook,PRESENT
2008,4,15,17,19,OFF,OFF,OFF,OFF,OFF,OFF,OFF,OFF,ON,OFF,OFF,PRESENT,PRESENT,PRESENT,PRESENT,PRESENT,PRESENT,PRESENT,PRESENT,ABSENT,0.0,0.0,0.0,Cook,ABSENT
2008,4,15,17,19,OFF,OFF,OFF,OFF,OFF,ON,ON,ON,ON,OFF,OFF,PRESENT,PRESENT,ABSENT,PRESENT,PRESENT,PRESENT,PRESENT,PRESENT,ABSENT,0.0,0.0,0.075548,Eat,PRESENT
2008,4,15,17,20,OFF,OFF,OFF,OFF,ON,ON,ON,ON,OFF,OFF,OFF,PRESENT,PRESENT,PRESENT,PRESENT,PRESENT,PRESENT,PRESENT,PRESENT,ABSENT,0.0,0.0,0.0,Eat,ABSENT
2008,4,15,17,21,OFF,OFF,OFF,OFF,ON,ON,ON,ON,ON,ON,OFF,PRESENT,PRESENT,PRESENT,PRESENT,PRESENT,PRESENT,PRESENT,PRESENT,ABSENT,0.0,0.0,0.532703,Clean,PRESENT
2008,4,15,17,22,OFF,OFF,OFF,OFF,OFF,OFF,OFF,OFF,ON,OFF,OFF,PRESENT,PRESENT,PRESENT,PRESENT,PRESENT,PRESENT,PRESENT,PRESENT,ABSENT,0.0,0.0,0.593993,Clean,PRESENT
2008,4,15,17,23,OFF,OFF,OFF,OFF,OFF,OFF,OFF,OFF,ON,OFF,OFF,PRESENT,PRESENT,PRESENT,PRESENT,PRESENT,PRESENT,PRESENT,PRESENT,ABSENT,0.0,0.0,0.583603,Clean,PRESENT
2008,4,15,17,24,OFF,OFF,OFF,OFF,OFF,OFF,OFF,OFF,ON,OFF,OFF,PRESENT,PRESENT,PRESENT,PRESENT,PRESENT,PRESENT,PRESENT,PRESENT,ABSENT,0.0,0.0752355,0.578251,Clean,PRESENT
2008,4,15,17,25,OFF,OFF,OFF,OFF,OFF,OFF,OFF,OFF,ON,ON,OFF,PRESENT,PRESENT,PRESENT,PRESENT,PRESENT,PRESENT,PRESENT,PRESENT,ABSENT,0.0,0.0,0.071212,Clean,ABSENT
2008,2,26,10,50,OFF,ON,ON,ON,ON,ON,OFF,OFF,OFF,OFF,OFF,PRESENT,PRESENT,PRESENT,PRESENT,PRESENT,PRESENT,PRESENT,ABSENT,PRESENT,0.0,0.0,0.0,Phone_Call,PRESENT
2008,2,26,10,51,OFF,OFF,OFF,OFF,ON,OFF,OFF,OFF,OFF,OFF,OFF,PRESENT,PRESENT,PRESENT,PRESENT,PRESENT,PRESENT,PRESENT,PRESENT,PRESENT,0.0,0.0,0.0,Phone_Call,ABSENT
2008,2,26,10,52,OFF,OFF,OFF,OFF,OFF,OFF,OFF,ON,ON,ON,OFF,PRESENT,PRESENT,PRESENT,PRESENT,PRESENT,PRESENT,PRESENT,PRESENT,ABSENT,0.0,0.0,0.0,Wash_hands,PRESENT
2008,2,26,10,53,OFF,OFF,OFF,OFF,OFF,OFF,OFF,OFF,ON,OFF,OFF,ABSENT,ABSENT,PRESENT,PRESENT,ABSENT,PRESENT,PRESENT,PRESENT,ABSENT,0.0,0.155979,0.0,Wash_hands,PRESENT
2008,2,26,10,54,OFF,OFF,OFF,OFF,OFF,OFF,OFF,OFF,ON,OFF,OFF,PRESENT,PRESENT,PRESENT,PRESENT,PRESENT,PRESENT,PRESENT,PRESENT,ABSENT,0.0,0.223675,0.0,Wash_hands,ABSENT
2008,2,26,10,54,OFF,OFF,OFF,OFF,OFF,OFF,OFF,OFF,ON,OFF,OFF,ABSENT,PRESENT,PRESENT,PRESENT,PRESENT,PRESENT,ABSENT,PRESENT,ABSENT,3.22302,0.0,0.0,Cook,PRESENT
2008,2,26,10,55,OFF,OFF,OFF,OFF,OFF,OFF,OFF,OFF,ON,OFF,OFF,PRESENT,PRESENT,PRESENT,PRESENT,PRESENT,PRESENT,PRESENT,PRESENT,ABSENT,3.2795,0.0,0.0,Cook,PRESENT
2008,2,26,10,56,OFF,OFF,OFF,OFF,OFF,OFF,OFF,OFF,ON,OFF,OFF,PRESENT,PRESENT,ABSENT,ABSENT,PRESENT,PRESENT,PRESENT,PRESENT,ABSENT,0.0,0.0,0.0,Cook,PRESENT
2008,2,26,10,57,OFF,OFF,OFF,OFF,OFF,OFF,OFF,OFF,ON,OFF,OFF,PRESENT,PRESENT,PRESENT,PRESENT,PRESENT,PRESENT,PRESENT,PRESENT,ABSENT,3.04739,0.0,0.0,Cook,PRESENT
2008,2,26,10,58,OFF,OFF,OFF,OFF,OFF,OFF,OFF,OFF,ON,OFF,OFF,PRESENT,PRESENT,PRESENT,PRESENT,PRESENT,PRESENT,PRESENT,PRESENT,ABSENT,2.98614,0.0,0.0,Cook,PRESENT
2008,2,26,10,59,OFF,OFF,OFF,OFF,OFF,OFF,OFF,OFF,ON,OFF,OFF,PRESENT,PRESENT,PRESENT,PRESENT,PRESENT,PRESENT,PRESENT,PRESENT,ABSENT,2.90926,0.0,0.0,Cook,ABSENT
2008,2,26,11,0,OFF,OFF,OFF,OFF,OFF,OFF,OFF,OFF,ON,OFF,OFF,PRESENT,PRESENT,PRESENT,PRESENT,PRESENT,PRESENT,PRESENT,PRESENT,ABSENT,0.0,0.0,0.0,Eat,PRESENT
2008,2,26,11,1,OFF,OFF,OFF,OFF,ON,ON,ON,ON,ON,OFF,OFF,PRESENT,PRESENT,ABSENT,PRESENT,PRESENT,ABSENT,PRESENT,PRESENT,ABSENT,0.0,0.0,0.215277,Eat,PRESENT
2008,2,26,11,2,OFF,OFF,OFF,OFF,ON,OFF,OFF,OFF,OFF,OFF,OFF,PRESENT,PRESENT,PRESENT,PRESENT,PRESENT,PRESENT,PRESENT,PRESENT,ABSENT,0.0,0.0,0.0,Eat,ABSENT
2008,2,26,11,3,OFF,OFF,OFF,OFF,OFF,ON,ON,ON,ON,ON,OFF,PRESENT,PRESENT,PRESENT,PRESENT,PRESENT,PRESENT,PRESENT,PRESENT,ABSENT,0.0,0.0,0.0418756,Clean,PRESENT
2008,2,26,11,4,OFF,OFF,OFF,OFF,OFF,OFF,OFF,OFF,ON,OFF,OFF,PRESENT,PRESENT,PRESENT,PRESENT,PRESENT,PRESENT,PRESENT,PRESENT,ABSENT,0.0,0.0,0.136682,Clean,PRESENT
2008,2,26,11,5,OFF,OFF,OFF,OFF,OFF,OFF,OFF,OFF,ON,OFF,OFF,PRESENT,PRESENT,PRESENT,PRESENT,PRESENT,PRESENT,PRESENT,PRESENT,ABSENT,0.0,0.0,0.227738,Clean,PRESENT
2008,2,26,11,6,OFF,OFF,OFF,OFF,OFF,OFF,OFF,OFF,ON,ON,OFF,PRESENT,PRESENT,PRESENT,PRESENT,PRESENT,PRESENT,PRESENT,PRESENT,ABSENT,0.0,0.0,0.231136,Clean,ABSENT
2008,2,26,16,10,ON,ON,ON,ON,OFF,OFF,ON,ON,ON,ON,OFF,PRESENT,PRESENT,PRESENT,PRESENT,PRESENT,PRESENT,PRESENT,PRESENT,ABSENT,0.0,0.0,0.0,Phone_Call,PRESENT
2008,2,26,16,11,OFF,OFF,OFF,OFF,ON,ON,ON,ON,OFF,OFF,OFF,PRESENT,PRESENT,PRESENT,PRESENT,PRESENT,PRESENT,PRESENT,ABSENT,ABSENT,0.0,0.0,0.0,Phone_Call,PRESENT
2008,2,26,16,12,OFF,OFF,OFF,OFF,ON,OFF,OFF,OFF,OFF,OFF,OFF,PRESENT,PRESENT,PRESENT,PRESENT,PRESENT,PRESENT,PRESENT,PRESENT,PRESENT,0.0,0.0,0.0,Phone_Call,PRESENT
2008,2,26,16,13,OFF,OFF,OFF,OFF,ON,OFF,OFF,OFF,OFF,OFF,OFF,PRESENT,PRESENT,PRESENT,PRESENT,PRESENT,PRESENT,PRESENT,PRESENT,PRESENT,0.0,0.0,0.0,Phone_Call,ABSENT
2008,2,26,16,13,OFF,OFF,OFF,OFF,ON,OFF,OFF,OFF,OFF,OFF,OFF,PRESENT,PRESENT,PRESENT,PRESENT,PRESENT,PRESENT,PRESENT,PRESENT,ABSENT,0.0,0.0,0.0,Wash_hands,PRESENT
2008,2,26,16,14,OFF,OFF,OFF,OFF,OFF,ON,ON,ON,ON,ON,OFF,PRESENT,PRESENT,PRESENT,PRESENT,PRESENT,PRESENT,PRESENT,PRESENT,ABSENT,0.0,0.182112,0.0,Wash_hands,ABSENT
2008,2,26,16,15,OFF,OFF,OFF,OFF,OFF,OFF,OFF,OFF,ON,OFF,OFF,ABSENT,ABSENT,ABSENT,PRESENT,ABSENT,PRESENT,ABSENT,PRESENT,ABSENT,2.807,0.196878,0.0,Cook,PRESENT
2008,2,26,16,16,OFF,OFF,OFF,OFF,OFF,OFF,OFF,OFF,ON,OFF,OFF,PRESENT,PRESENT,PRESENT,PRESENT,PRESENT,PRESENT,PRESENT,PRESENT,ABSENT,3.252,0.082931,0.0,Cook,PRESENT
2008,2,26,16,17,OFF,OFF,OFF,OFF,OFF,OFF,OFF,OFF,ON,OFF,OFF,PRESENT,PRESENT,PRESENT,PRESENT,PRESENT,PRESENT,PRESENT,PRESENT,ABSENT,0.0,0.0,0.0,Cook,PRESENT
2008,2,26,16,18,OFF,OFF,OFF,OFF,OFF,OFF,OFF,OFF,OFF,OFF,OFF,PRESENT,PRESENT,PRESENT,PRESENT,PRESENT,PRESENT,PRESENT,PRESENT,ABSENT,2.9759,0.0,0.0,Cook,PRESENT
2008,2,26,16,19,OFF,OFF,OFF,OFF,OFF,OFF,OFF,OFF,ON,OFF,OFF,PRESENT,PRESENT,PRESENT,PRESENT,PRESENT,PRESENT,PRESENT,PRESENT,ABSENT,2.87645,0.0,0.0,Cook,PRESENT
2008,2,26,16,20,OFF,OFF,OFF,OFF,OFF,OFF,OFF,OFF,ON,OFF,OFF,PRESENT,PRESENT,PRESENT,ABSENT,PRESENT,PRESENT,PRESENT,PRESENT,ABSENT,0.0,0.0,0.0,Cook,PRESENT
2008,2,26,16,21,OFF,OFF,OFF,OFF,OFF,OFF,OFF,OFF,ON,OFF,OFF,PRESENT,PRESENT,PRESENT,PRESENT,PRESENT,PRESENT,PRESENT,PRESENT,ABSENT,0.0,0.0,0.0,Cook,ABSENT
2008,2,26,16,21,OFF,OFF,OFF,OFF,OFF,OFF,OFF,OFF,ON,OFF,OFF,PRESENT,PRESENT,PRESENT,PRESENT,PRESENT,PRESENT,PRESENT,PRESENT,ABSENT,0.0,0.0,0.0,Eat,PRESENT
2008,2,26,16,22,OFF,OFF,OFF,OFF,ON,ON,ON,ON,ON,OFF,OFF,PRESENT,PRESENT,ABSENT,PRESENT,PRESENT,ABSENT,PRESENT,PRESENT,ABSENT,0.0,0.266332,0.0,Eat,PRESENT
2008,2,26,16,23,OFF,OFF,OFF,OFF,ON,OFF,OFF,OFF,OFF,OFF,OFF,PRESENT,PRESENT,PRESENT,PRESENT,PRESENT,PRESENT,PRESENT,PRESENT,ABSENT,0.0,0.0,0.0,Eat,ABSENT
2008,2,26,16,23,OFF,OFF,OFF,OFF,ON,ON,ON,ON,ON,OFF,OFF,PRESENT,PRESENT,PRESENT,PRESENT,PRESENT,PRESENT,PRESENT,PRESENT,ABSENT,0.0,0.0,0.0,Clean,PRESENT
2008,2,26,16,24,OFF,OFF,OFF,OFF,OFF,OFF,OFF,OFF,ON,ON,OFF,PRESENT,PRESENT,ABSENT,PRESENT,PRESENT,PRESENT,PRESENT,PRESENT,ABSENT,0.0,0.419577,0.0,Clean,PRESENT
2008,2,26,16,28,OFF,OFF,OFF,OFF,OFF,OFF,OFF,OFF,OFF,ON,OFF,PRESENT,PRESENT,PRESENT,PRESENT,PRESENT,PRESENT,PRESENT,PRESENT,ABSENT,0.0,0.0,0.0,Clean,PRESENT
2008,2,26,16,29,OFF,OFF,OFF,OFF,OFF,OFF,OFF,OFF,OFF,ON,OFF,PRESENT,PRESENT,PRESENT,PRESENT,PRESENT,PRESENT,PRESENT,PRESENT,ABSENT,0.0,0.0,0.0,Clean,PRESENT
2008,2,26,16,30,OFF,OFF,OFF,OFF,OFF,OFF,OFF,OFF,ON,ON,OFF,PRESENT,PRESENT,PRESENT,PRESENT,PRESENT,PRESENT,PRESENT,PRESENT,ABSENT,0.0,0.29645,0.0,Clean,ABSENT
2008,3,7,12,6,OFF,ON,ON,ON,ON,ON,OFF,OFF,OFF,OFF,ON,PRESENT,PRESENT,PRESENT,PRESENT,PRESENT,PRESENT,PRESENT,ABSENT,ABSENT,0.0,0.0,0.0,Phone_Call,PRESENT
2008,3,7,12,7,OFF,OFF,OFF,OFF,ON,ON,OFF,OFF,OFF,OFF,OFF,PRESENT,PRESENT,PRESENT,PRESENT,PRESENT,PRESENT,PRESENT,PRESENT,ABSENT,0.0,0.0,0.0,Phone_Call,PRESENT
2008,3,7,12,8,OFF,OFF,OFF,OFF,ON,OFF,OFF,OFF,OFF,OFF,OFF,PRESENT,PRESENT,PRESENT,PRESENT,PRESENT,PRESENT,PRESENT,PRESENT,PRESENT,0.0,0.0,0.0,Phone_Call,PRESENT
2008,3,7,12,9,OFF,OFF,OFF,OFF,ON,OFF,OFF,OFF,OFF,OFF,OFF,PRESENT,PRESENT,PRESENT,PRESENT,PRESENT,PRESENT,PRESENT,PRESENT,PRESENT,0.0,0.0,0.0,Phone_Call,ABSENT
2008,3,7,12,9,OFF,OFF,OFF,OFF,ON,ON,ON,ON,ON,OFF,OFF,PRESENT,PRESENT,PRESENT,PRESENT,PRESENT,PRESENT,PRESENT,PRESENT,ABSENT,0.0,0.283911,0.0,Wash_hands,PRESENT
2008,3,7,12,10,OFF,OFF,OFF,OFF,OFF,OFF,OFF,OFF,ON,ON,OFF,PRESENT,PRESENT,PRESENT,PRESENT,PRESENT,PRESENT,PRESENT,PRESENT,ABSENT,0.0,0.190276,0.0,Wash_hands,ABSENT
2008,3,7,12,10,OFF,OFF,OFF,OFF,OFF,OFF,OFF,OFF,ON,OFF,OFF,ABSENT,ABSENT,ABSENT,ABSENT,ABSENT,PRESENT,PRESENT,PRESENT,ABSENT,0.0,0.0,0.0,Cook,PRESENT
2008,3,7,12,11,OFF,OFF,OFF,OFF,OFF,OFF,OFF,OFF,ON,OFF,OFF,PRESENT,PRESENT,PRESENT,PRESENT,PRESENT,PRESENT,ABSENT,PRESENT,ABSENT,3.08544,0.311059,0.0,Cook,PRESENT
2008,3,7,12,12,OFF,OFF,OFF,OFF,OFF,OFF,OFF,OFF,ON,OFF,OFF,PRESENT,PRESENT,PRESENT,PRESENT,PRESENT,PRESENT,PRESENT,PRESENT,ABSENT,3.22005,0.0,0.0,Cook,PRESENT
2008,3,7,12,13,OFF,OFF,OFF,OFF,OFF,OFF,OFF,OFF,ON,OFF,OFF,PRESENT,PRESENT,PRESENT,PRESENT,PRESENT,PRESENT,PRESENT,PRESENT,ABSENT,3.27739,0.0,0.0,Cook,PRESENT
2008,3,7,12,14,OFF,OFF,OFF,OFF,OFF,OFF,OFF,OFF,ON,OFF,OFF,PRESENT,PRESENT,PRESENT,PRESENT,PRESENT,PRESENT,PRESENT,PRESENT,ABSENT,3.05458,0.0,0.0,Cook,PRESENT
2008,3,7,12,15,OFF,OFF,OFF,OFF,OFF,OFF,OFF,OFF,ON,OFF,OFF,PRESENT,PRESENT,PRESENT,PRESENT,PRESENT,PRESENT,PRESENT,PRESENT,ABSENT,2.99481,0.0,0.0,Cook,PRESENT
2008,3,7,12,16,OFF,OFF,OFF,OFF,OFF,OFF,OFF,OFF,ON,OFF,OFF,PRESENT,PRESENT,PRESENT,PRESENT,PRESENT,PRESENT,PRESENT,PRESENT,ABSENT,2.89489,0.126994,0.0,Cook,ABSENT
2008,3,7,12,17,OFF,OFF,OFF,OFF,ON,ON,ON,ON,ON,OFF,OFF,PRESENT,PRESENT,PRESENT,PRESENT,PRESENT,ABSENT,PRESENT,PRESENT,ABSENT,0.0,0.0,0.08297,Eat,PRESENT
2008,3,7,12,18,OFF,OFF,OFF,OFF,ON,ON,OFF,OFF,OFF,OFF,OFF,PRESENT,PRESENT,PRESENT,PRESENT,PRESENT,PRESENT,PRESENT,PRESENT,ABSENT,0.0,0.0,0.0,Eat,ABSENT
2008,3,7,12,19,OFF,OFF,OFF,OFF,ON,ON,ON,ON,ON,ON,OFF,PRESENT,PRESENT,PRESENT,PRESENT,PRESENT,PRESENT,PRESENT,PRESENT,ABSENT,0.0,0.0,0.0,Clean,PRESENT
2008,3,7,12,20,OFF,OFF,OFF,OFF,OFF,OFF,OFF,OFF,ON,OFF,OFF,PRESENT,PRESENT,PRESENT,PRESENT,PRESENT,PRESENT,PRESENT,PRESENT,ABSENT,0.0,0.268598,0.0,Clean,PRESENT
2008,3,7,12,21,OFF,OFF,OFF,OFF,OFF,OFF,OFF,OFF,OFF,ON,OFF,PRESENT,PRESENT,PRESENT,PRESENT,PRESENT,PRESENT,PRESENT,PRESENT,ABSENT,0.0,0.267113,0.0,Clean,PRESENT
2008,3,7,12,22,OFF,OFF,OFF,OFF,OFF,OFF,OFF,OFF,ON,OFF,OFF,PRESENT,PRESENT,PRESENT,PRESENT,PRESENT,PRESENT,PRESENT,PRESENT,ABSENT,0.0,0.139143,0.0,Clean,PRESENT
2008,3,7,12,23,OFF,OFF,OFF,OFF,OFF,OFF,OFF,OFF,ON,ON,OFF,PRESENT,PRESENT,PRESENT,PRESENT,PRESENT,PRESENT,PRESENT,PRESENT,ABSENT,0.0,0.0,0.0,Clean,ABSENT
2008,3,7,12,35,ON,ON,ON,ON,ON,ON,OFF,OFF,OFF,OFF,ON,PRESENT,PRESENT,PRESENT,PRESENT,PRESENT,PRESENT,PRESENT,ABSENT,ABSENT,0.0,0.0,0.0,Phone_Call,PRESENT
2008,3,7,12,36,OFF,OFF,OFF,OFF,ON,OFF,OFF,OFF,OFF,OFF,OFF,PRESENT,PRESENT,PRESENT,PRESENT,PRESENT,PRESENT,PRESENT,PRESENT,PRESENT,0.0,0.0,0.0,Phone_Call,ABSENT
2008,3,7,12,37,OFF,OFF,OFF,OFF,ON,ON,ON,ON,ON,ON,OFF,PRESENT,PRESENT,PRESENT,PRESENT,PRESENT,PRESENT,PRESENT,PRESENT,ABSENT,0.0,0.092228,0.0,Wash_hands,ABSENT
2008,3,7,12,38,OFF,OFF,OFF,OFF,OFF,OFF,OFF,ON,ON,OFF,OFF,ABSENT,ABSENT,ABSENT,ABSENT,ABSENT,PRESENT,ABSENT,PRESENT,ABSENT,3.12005,0.364576,0.0,Cook,PRESENT
2008,3,7,12,39,OFF,OFF,OFF,OFF,OFF,OFF,OFF,OFF,ON,OFF,OFF,PRESENT,PRESENT,PRESENT,PRESENT,PRESENT,PRESENT,PRESENT,PRESENT,ABSENT,0.0,0.112306,0.0,Cook,PRESENT
2008,3,7,12,40,OFF,OFF,OFF,OFF,OFF,OFF,OFF,OFF,ON,OFF,OFF,PRESENT,PRESENT,PRESENT,PRESENT,PRESENT,PRESENT,PRESENT,PRESENT,ABSENT,3.04794,0.0,0.0,Cook,PRESENT
2008,3,7,12,41,OFF,OFF,OFF,OFF,OFF,OFF,OFF,OFF,ON,OFF,OFF,PRESENT,PRESENT,PRESENT,PRESENT,PRESENT,PRESENT,PRESENT,PRESENT,ABSENT,2.91629,0.433678,0.0,Cook,PRESENT
2008,3,7,12,42,OFF,OFF,OFF,OFF,OFF,OFF,OFF,OFF,ON,OFF,OFF,PRESENT,PRESENT,PRESENT,PRESENT,PRESENT,PRESENT,PRESENT,PRESENT,ABSENT,2.85731,0.305356,0.0,Cook,ABSENT
2008,3,7,12,42,OFF,OFF,OFF,OFF,OFF,OFF,OFF,ON,ON,OFF,OFF,PRESENT,PRESENT,ABSENT,PRESENT,PRESENT,ABSENT,PRESENT,PRESENT,ABSENT,0.0,0.0,0.262895,Eat,PRESENT
2008,3,7,12,43,OFF,OFF,OFF,OFF,ON,ON,ON,ON,ON,OFF,OFF,PRESENT,PRESENT,PRESENT,PRESENT,PRESENT,PRESENT,PRESENT,PRESENT,ABSENT,0.0,0.0,0.549266,Eat,PRESENT
2008,3,7,12,44,OFF,OFF,OFF,OFF,ON,ON,OFF,OFF,OFF,OFF,OFF,PRESENT,PRESENT,PRESENT,PRESENT,PRESENT,PRESENT,PRESENT,PRESENT,ABSENT,0.0,0.0,0.0,Eat,ABSENT
2008,3,7,12,44,OFF,OFF,OFF,OFF,OFF,ON,ON,ON,ON,ON,OFF,PRESENT,PRESENT,PRESENT,PRESENT,PRESENT,PRESENT,PRESENT,PRESENT,ABSENT,0.0,0.0400006,0.0,Clean,PRESENT
2008,3,7,12,45,OFF,OFF,OFF,OFF,OFF,OFF,OFF,OFF,OFF,OFF,OFF,PRESENT,PRESENT,PRESENT,PRESENT,PRESENT,PRESENT,PRESENT,PRESENT,ABSENT,0.0,0.538914,0.0,Clean,PRESENT
2008,3,7,12,46,OFF,OFF,OFF,OFF,OFF,OFF,OFF,OFF,ON,ON,OFF,PRESENT,PRESENT,PRESENT,PRESENT,PRESENT,PRESENT,PRESENT,PRESENT,ABSENT,0.0,0.0344537,0.0,Clean,PRESENT
2008,3,7,12,47,OFF,OFF,OFF,OFF,OFF,OFF,OFF,OFF,ON,ON,OFF,PRESENT,PRESENT,PRESENT,PRESENT,PRESENT,PRESENT,PRESENT,PRESENT,ABSENT,0.0,0.0919936,0.356607,Clean,ABSENT
2008,5,21,12,47,OFF,ON,ON,ON,ON,ON,OFF,OFF,OFF,OFF,OFF,PRESENT,PRESENT,PRESENT,PRESENT,PRESENT,PRESENT,PRESENT,ABSENT,ABSENT,0.0,0.0,0.0,Phone_Call,PRESENT
2008,5,21,12,48,OFF,OFF,OFF,OFF,ON,OFF,OFF,OFF,OFF,OFF,OFF,PRESENT,PRESENT,PRESENT,PRESENT,PRESENT,PRESENT,PRESENT,PRESENT,PRESENT,0.0,0.0,0.0,Phone_Call,ABSENT
2008,5,21,12,49,OFF,OFF,OFF,OFF,ON,ON,ON,ON,ON,ON,OFF,PRESENT,PRESENT,PRESENT,PRESENT,PRESENT,PRESENT,PRESENT,PRESENT,ABSENT,0.0,0.228011,0.0655479,Wash_hands,ABSENT
2008,5,21,12,50,OFF,OFF,OFF,OFF,OFF,OFF,OFF,OFF,ON,OFF,OFF,ABSENT,ABSENT,PRESENT,PRESENT,ABSENT,PRESENT,ABSENT,PRESENT,ABSENT,3.23646,0.112306,0.0554305,Cook,PRESENT
2008,5,21,12,51,OFF,OFF,OFF,OFF,OFF,OFF,OFF,OFF,ON,ON,OFF,PRESENT,PRESENT,PRESENT,PRESENT,PRESENT,PRESENT,PRESENT,PRESENT,ABSENT,3.31114,0.0,0.0,Cook,PRESENT
2008,5,21,12,52,OFF,OFF,OFF,OFF,OFF,OFF,OFF,OFF,OFF,OFF,OFF,PRESENT,PRESENT,PRESENT,PRESENT,PRESENT,PRESENT,PRESENT,PRESENT,ABSENT,2.8959,0.0,0.0,Cook,PRESENT
2008,5,21,12,53,OFF,OFF,OFF,OFF,OFF,OFF,OFF,OFF,OFF,OFF,OFF,PRESENT,PRESENT,ABSENT,ABSENT,PRESENT,PRESENT,PRESENT,PRESENT,ABSENT,2.85778,0.0,0.0,Cook,PRESENT
2008,5,21,12,54,OFF,OFF,OFF,OFF,OFF,OFF,OFF,OFF,ON,ON,OFF,PRESENT,PRESENT,PRESENT,PRESENT,PRESENT,PRESENT,PRESENT,PRESENT,ABSENT,2.83442,0.0,0.0,Cook,ABSENT
2008,5,21,12,54,OFF,OFF,OFF,OFF,OFF,OFF,OFF,OFF,OFF,ON,OFF,PRESENT,PRESENT,PRESENT,PRESENT,PRESENT,PRESENT,PRESENT,PRESENT,ABSENT,0.0,0.0,0.0,Eat,PRESENT
2008,5,21,12,55,OFF,OFF,OFF,OFF,ON,ON,ON,ON,ON,OFF,OFF,PRESENT,PRESENT,PRESENT,PRESENT,PRESENT,ABSENT,PRESENT,PRESENT,ABSENT,0.0,0.0,0.0745715,Eat,PRESENT
2008,5,21,12,56,OFF,OFF,OFF,OFF,OFF,ON,OFF,OFF,OFF,OFF,OFF,PRESENT,PRESENT,PRESENT,PRESENT,PRESENT,PRESENT,PRESENT,PRESENT,ABSENT,0.0,0.0,0.0,Eat,ABSENT
2008,5,21,12,56,OFF,OFF,OFF,OFF,ON,ON,ON,ON,ON,ON,OFF,PRESENT,PRESENT,PRESENT,PRESENT,PRESENT,PRESENT,PRESENT,PRESENT,ABSENT,0.0,0.0,0.0,Clean,PRESENT
2008,5,21,12,57,OFF,OFF,OFF,OFF,OFF,OFF,OFF,OFF,ON,ON,OFF,PRESENT,PRESENT,PRESENT,PRESENT,PRESENT,ABSENT,PRESENT,PRESENT,ABSENT,0.0,0.29145,0.0,Clean,PRESENT
2008,5,21,12,58,OFF,OFF,OFF,OFF,OFF,OFF,OFF,OFF,OFF,OFF,OFF,PRESENT,PRESENT,PRESENT,PRESENT,PRESENT,PRESENT,PRESENT,PRESENT,ABSENT,0.0,0.0534383,0.0,Clean,PRESENT
2008,5,21,12,59,OFF,OFF,OFF,OFF,OFF,OFF,OFF,OFF,OFF,ON,OFF,PRESENT,PRESENT,PRESENT,PRESENT,PRESENT,PRESENT,PRESENT,PRESENT,ABSENT,0.0,0.390514,0.0360943,Clean,PRESENT
2008,5,21,13,0,OFF,OFF,OFF,OFF,OFF,OFF,ON,ON,ON,ON,OFF,PRESENT,PRESENT,PRESENT,PRESENT,PRESENT,PRESENT,PRESENT,PRESENT,ABSENT,0.0,0.190901,0.169729,Clean,ABSENT
2008,5,21,13,55,ON,ON,ON,OFF,ON,ON,OFF,OFF,OFF,OFF,ON,PRESENT,PRESENT,PRESENT,PRESENT,PRESENT,PRESENT,PRESENT,ABSENT,ABSENT,0.0,0.0,0.0,Phone_Call,PRESENT
2008,5,21,13,56,OFF,OFF,OFF,OFF,ON,ON,OFF,OFF,OFF,OFF,OFF,PRESENT,PRESENT,PRESENT,PRESENT,PRESENT,PRESENT,PRESENT,PRESENT,PRESENT,0.0,0.0,0.0,Phone_Call,ABSENT
2008,5,21,13,57,OFF,OFF,OFF,OFF,ON,ON,ON,ON,ON,ON,OFF,PRESENT,PRESENT,PRESENT,PRESENT,PRESENT,PRESENT,PRESENT,PRESENT,ABSENT,0.0,0.0617588,0.0,Wash_hands,PRESENT
2008,5,21,13,58,OFF,OFF,OFF,OFF,OFF,OFF,OFF,OFF,OFF,OFF,OFF,PRESENT,PRESENT,PRESENT,PRESENT,PRESENT,PRESENT,ABSENT,PRESENT,ABSENT,0.0,0.0,0.0,Wash_hands,ABSENT
2008,5,21,13,58,OFF,OFF,OFF,OFF,OFF,OFF,OFF,OFF,ON,OFF,OFF,ABSENT,ABSENT,PRESENT,PRESENT,ABSENT,PRESENT,ABSENT,PRESENT,ABSENT,3.1288,0.0607431,0.0,Cook,PRESENT
2008,5,21,13,59,OFF,OFF,OFF,OFF,OFF,OFF,OFF,OFF,ON,OFF,OFF,PRESENT,PRESENT,PRESENT,PRESENT,PRESENT,PRESENT,PRESENT,PRESENT,ABSENT,3.23466,0.0,0.0,Cook,PRESENT
2008,5,21,14,0,OFF,OFF,OFF,OFF,OFF,OFF,OFF,OFF,ON,OFF,OFF,PRESENT,PRESENT,PRESENT,PRESENT,PRESENT,PRESENT,PRESENT,PRESENT,ABSENT,3.19731,0.054493,0.0644541,Cook,PRESENT
2008,5,21,14,1,OFF,OFF,OFF,OFF,OFF,OFF,OFF,OFF,ON,OFF,OFF,PRESENT,PRESENT,PRESENT,PRESENT,PRESENT,PRESENT,PRESENT,PRESENT,ABSENT,3.01934,0.0,0.0,Cook,PRESENT
2008,5,21,14,2,OFF,OFF,OFF,OFF,OFF,OFF,OFF,OFF,ON,ON,OFF,PRESENT,PRESENT,ABSENT,PRESENT,PRESENT,PRESENT,PRESENT,PRESENT,ABSENT,3.04731,0.0,0.0,Cook,PRESENT
2008,5,21,14,3,OFF,OFF,OFF,OFF,OFF,OFF,OFF,OFF,ON,OFF,OFF,ABSENT,PRESENT,PRESENT,ABSENT,PRESENT,PRESENT,PRESENT,PRESENT,ABSENT,2.84684,0.0,0.0,Cook,PRESENT
2008,5,21,14,4,OFF,OFF,OFF,OFF,OFF,OFF,OFF,OFF,ON,OFF,OFF,PRESENT,PRESENT,PRESENT,PRESENT,PRESENT,PRESENT,PRESENT,PRESENT,ABSENT,0.0,0.0,0.0,Cook,ABSENT
2008,5,21,14,4,OFF,OFF,OFF,OFF,ON,ON,ON,ON,ON,OFF,OFF,PRESENT,PRESENT,PRESENT,PRESENT,PRESENT,ABSENT,PRESENT,PRESENT,ABSENT,0.0,0.076759,0.100002,Eat,PRESENT
2008,5,21,14,5,OFF,OFF,OFF,OFF,OFF,ON,OFF,OFF,OFF,OFF,OFF,PRESENT,PRESENT,PRESENT,PRESENT,PRESENT,PRESENT,PRESENT,PRESENT,ABSENT,2.8209,0.0,0.0,Eat,PRESENT
2008,5,21,14,6,OFF,OFF,OFF,OFF,ON,ON,OFF,OFF,OFF,OFF,OFF,PRESENT,PRESENT,PRESENT,PRESENT,PRESENT,PRESENT,PRESENT,PRESENT,ABSENT,0.0,0.0,0.0,Eat,PRESENT
2008,5,21,14,7,OFF,OFF,OFF,OFF,ON,ON,OFF,OFF,OFF,OFF,OFF,PRESENT,PRESENT,PRESENT,PRESENT,PRESENT,PRESENT,PRESENT,PRESENT,ABSENT,0.0,0.0,0.0,Eat,PRESENT
2008,5,21,14,8,OFF,OFF,OFF,OFF,ON,ON,OFF,OFF,OFF,OFF,OFF,PRESENT,PRESENT,PRESENT,PRESENT,PRESENT,PRESENT,PRESENT,PRESENT,ABSENT,0.0,0.0,0.0,Eat,ABSENT
2008,5,21,14,9,OFF,OFF,OFF,OFF,ON,ON,ON,ON,ON,OFF,OFF,PRESENT,PRESENT,PRESENT,PRESENT,PRESENT,PRESENT,PRESENT,PRESENT,ABSENT,0.0,0.488523,0.0,Clean,PRESENT
2008,5,21,14,10,OFF,OFF,OFF,OFF,OFF,OFF,OFF,OFF,OFF,OFF,OFF,PRESENT,PRESENT,PRESENT,PRESENT,PRESENT,PRESENT,PRESENT,PRESENT,ABSENT,0.0,0.504383,0.0,Clean,PRESENT
2008,5,21,14,11,OFF,OFF,OFF,OFF,OFF,OFF,OFF,OFF,OFF,ON,OFF,PRESENT,PRESENT,PRESENT,PRESENT,PRESENT,PRESENT,PRESENT,PRESENT,ABSENT,0.0,0.455554,0.0,Clean,PRESENT
2008,5,21,14,12,OFF,OFF,OFF,OFF,OFF,OFF,OFF,OFF,ON,ON,OFF,PRESENT,PRESENT,PRESENT,PRESENT,PRESENT,PRESENT,PRESENT,PRESENT,ABSENT,0.0,0.167776,0.0755871,Clean,ABSENT
2008,5,21,16,31,ON,ON,ON,OFF,OFF,OFF,OFF,OFF,OFF,OFF,ON,PRESENT,PRESENT,PRESENT,PRESENT,PRESENT,PRESENT,PRESENT,PRESENT,ABSENT,0.0,0.0,0.0,Phone_Call,PRESENT
2008,5,21,16,32,OFF,OFF,OFF,ON,ON,ON,OFF,OFF,OFF,OFF,OFF,PRESENT,PRESENT,PRESENT,PRESENT,PRESENT,PRESENT,PRESENT,ABSENT,ABSENT,0.0,0.0,0.0,Phone_Call,PRESENT
2008,5,21,16,33,OFF,OFF,OFF,OFF,ON,OFF,OFF,OFF,OFF,OFF,OFF,PRESENT,PRESENT,PRESENT,PRESENT,PRESENT,PRESENT,PRESENT,PRESENT,PRESENT,0.0,0.0,0.0,Phone_Call,PRESENT
2008,5,21,16,34,OFF,OFF,OFF,OFF,ON,ON,OFF,OFF,OFF,OFF,OFF,PRESENT,PRESENT,PRESENT,PRESENT,PRESENT,PRESENT,PRESENT,PRESENT,PRESENT,0.0,0.0,0.0,Phone_Call,ABSENT
2008,5,21,16,35,OFF,OFF,OFF,OFF,OFF,OFF,ON,ON,ON,ON,OFF,PRESENT,PRESENT,PRESENT,PRESENT,PRESENT,PRESENT,PRESENT,PRESENT,ABSENT,0.0,0.0,0.0,Wash_hands,ABSENT
2008,5,21,16,36,OFF,OFF,OFF,OFF,OFF,OFF,OFF,OFF,ON,OFF,OFF,ABSENT,ABSENT,ABSENT,ABSENT,ABSENT,PRESENT,ABSENT,PRESENT,ABSENT,0.0,0.134299,0.0894154,Cook,PRESENT
2008,5,21,16,37,OFF,OFF,OFF,OFF,OFF,OFF,OFF,OFF,ON,OFF,OFF,PRESENT,PRESENT,PRESENT,PRESENT,PRESENT,PRESENT,PRESENT,PRESENT,ABSENT,3.07544,0.0,0.0,Cook,PRESENT
2008,5,21,16,38,OFF,OFF,OFF,OFF,OFF,OFF,OFF,OFF,ON,OFF,OFF,PRESENT,PRESENT,PRESENT,PRESENT,PRESENT,PRESENT,PRESENT,PRESENT,ABSENT,3.03817,0.0,0.0,Cook,PRESENT
2008,5,21,16,39,OFF,OFF,OFF,OFF,OFF,OFF,OFF,OFF,ON,OFF,OFF,PRESENT,PRESENT,PRESENT,PRESENT,PRESENT,PRESENT,PRESENT,PRESENT,ABSENT,2.98309,0.0,0.0,Cook,PRESENT
2008,5,21,16,40,OFF,OFF,OFF,OFF,OFF,OFF,OFF,OFF,ON,ON,OFF,PRESENT,PRESENT,PRESENT,ABSENT,PRESENT,PRESENT,PRESENT,PRESENT,ABSENT,2.87372,0.0,0.0,Cook,PRESENT
2008,5,21,16,41,OFF,OFF,OFF,OFF,OFF,OFF,OFF,OFF,ON,OFF,OFF,PRESENT,PRESENT,PRESENT,PRESENT,PRESENT,PRESENT,PRESENT,PRESENT,ABSENT,2.84997,0.0,0.0,Cook,ABSENT
2008,5,21,16,41,OFF,OFF,OFF,OFF,OFF,OFF,OFF,OFF,ON,OFF,OFF,ABSENT,PRESENT,PRESENT,PRESENT,PRESENT,ABSENT,PRESENT,PRESENT,ABSENT,0.0,0.201917,0.0583993,Eat,PRESENT
2008,5,21,16,42,OFF,OFF,OFF,OFF,ON,ON,ON,ON,OFF,OFF,OFF,PRESENT,PRESENT,PRESENT,PRESENT,PRESENT,PRESENT,PRESENT,PRESENT,ABSENT,0.0,0.0,0.0,Eat,ABSENT
2008,5,21,16,42,OFF,OFF,OFF,OFF,ON,OFF,OFF,OFF,OFF,OFF,OFF,PRESENT,PRESENT,PRESENT,PRESENT,PRESENT,PRESENT,PRESENT,PRESENT,ABSENT,0.0,0.0,0.0,Clean,PRESENT
2008,5,21,16,43,OFF,OFF,OFF,OFF,OFF,ON,ON,ON,ON,ON,OFF,PRESENT,PRESENT,PRESENT,PRESENT,PRESENT,PRESENT,PRESENT,PRESENT,ABSENT,0.0,0.223636,0.10133,Clean,PRESENT
2008,5,21,16,44,OFF,OFF,OFF,OFF,OFF,OFF,OFF,OFF,OFF,OFF,OFF,PRESENT,PRESENT,PRESENT,PRESENT,PRESENT,PRESENT,PRESENT,PRESENT,ABSENT,0.0,0.235433,0.0564462,Clean,PRESENT
2008,5,21,16,45,OFF,OFF,OFF,OFF,OFF,OFF,OFF,OFF,ON,ON,OFF,PRESENT,PRESENT,PRESENT,PRESENT,PRESENT,PRESENT,PRESENT,PRESENT,ABSENT,0.0,0.0541415,0.0698839,Clean,PRESENT
2008,5,21,16,46,OFF,OFF,OFF,OFF,OFF,OFF,OFF,OFF,OFF,OFF,OFF,PRESENT,PRESENT,PRESENT,PRESENT,PRESENT,PRESENT,PRESENT,PRESENT,ABSENT,0.0,0.320005,0.173362,Clean,ABSENT